"image_name";"organ";"species_id";"obs_id";"license";"partner";"author";"altitude";"latitude";"longitude";"gbif_species_id";"species";"genus";"family";"dataset";"publisher";"references";"url";"learn_tag";"image_backup_url"
"59feabe1c98f06e7f819f73c8246bd8f1a89556b.jpg";"leaf";"1396710";"1008726402";"cc-by-sa";"";"Gulyás Bálint";"205.9261";"47.5921600184";"19.3628948779";"5284517.0";"Taxus baccata L.";"Taxus";"Taxaceae";"plantnet";"plantnet";"https://identify.plantnet.org/fr/k-southwestern-europe/observations/1008726402";"https://bs.plantnet.org/image/o/59feabe1c98f06e7f819f73c8246bd8f1a89556b";"train";"https://lab.plantnet.org/LifeCLEF/PlantCLEF2024/single_plant_training_data/PlantCLEF2024singleplanttrainingdata/train/1396710/59feabe1c98f06e7f819f73c8246bd8f1a89556b.jpg"
"dc273995a89827437d447f29a52ccac86f65476e.jpg";"leaf";"1396710";"1008724195";"cc-by-sa";"";"vadim sigaud";"323.752";"47.9067031299";"7.201745715";"5284517.0";"Taxus baccata L.";"Taxus";"Taxaceae";"plantnet";"plantnet";"https://identify.plantnet.org/fr/k-southwestern-europe/observations/1008724195";"https://bs.plantnet.org/image/o/dc273995a89827437d447f29a52ccac86f65476e";"train";"https://lab.plantnet.org/LifeCLEF/PlantCLEF2024/single_plant_training_data/PlantCLEF2024singleplanttrainingdata/train/1396710/dc273995a89827437d447f29a52ccac86f65476e.jpg"
"416235e7023a4bd1513edf036b6097efc693a304.jpg";"leaf";"1396710";"1008721908";"cc-by-sa";"";"fil escande";"101.316";"48.82677405555556";"2.3527739722222223";"5284517.0";"Taxus baccata L.";"Taxus";"Taxaceae";"plantnet";"plantnet";"https://identify.plantnet.org/fr/k-southwestern-europe/observations/1008721908";"https://bs.plantnet.org/image/o/416235e7023a4bd1513edf036b6097efc693a304";"train";"https://lab.plantnet.org/LifeCLEF/PlantCLEF2024/single_plant_training_data/PlantCLEF2024singleplanttrainingdata/train/1396710/416235e7023a4bd1513edf036b6097efc693a304.jpg"
"cbd18fade82c46a5c725f1f3d982174895158afc.jpg";"leaf";"1396710";"1008699177";"cc-by-sa";"";"Desiree Verver";"5.107";"52.1904271191";"6.0096765971";"5284517.0";"Taxus baccata L.";"Taxus";"Taxaceae";"plantnet";"plantnet";"https://identify.plantnet.org/fr/k-southwestern-europe/observations/1008699177";"https://bs.plantnet.org/image/o/cbd18fade82c46a5c725f1f3d982174895158afc";"train";"https://lab.plantnet.org/LifeCLEF/PlantCLEF2024/single_plant_training_data/PlantCLEF2024singleplanttrainingdata/train/1396710/cbd18fade82c46a5c725f1f3d982174895158afc.jpg"
"f82c8c6d570287ebed8407cefcfcb2a51eaaf56e.jpg";"leaf";"1396710";"1008683100";"cc-by-sa";"";"branebrane";"165.339";"45.79473897222222";"15.96586197222222";"5284517.0";"Taxus baccata L.";"Taxus";"Taxaceae";"plantnet";"plantnet";"https://identify.plantnet.org/fr/k-southwestern-europe/observations/1008683100";"https://bs.plantnet.org/image/o/f82c8c6d570287ebed8407cefcfcb2a51eaaf56e";"train";"https://lab.plantnet.org/LifeCLEF/PlantCLEF2024/single_plant_training_data/PlantCLEF2024singleplanttrainingdata/train/1396710/f82c8c6d570287ebed8407cefcfcb2a51eaaf56e.jpg"
"7ba8657334c73a49e050f34d7cc28e5183da0962.jpg";"leaf";"1396710";"1008673327";"cc-by-sa";"";"Honza";"267.0";"50.41771716666666";"14.27227013888889";"5284517.0";"Taxus baccata L.";"Taxus";"Taxaceae";"plantnet";"plantnet";"https://identify.plantnet.org/fr/k-southwestern-europe/observations/1008673327";"https://bs.plantnet.org/image/o/7ba8657334c73a49e050f34d7cc28e5183da0962";"train";"https://lab.plantnet.org/LifeCLEF/PlantCLEF2024/single_plant_training_data/PlantCLEF2024singleplanttrainingdata/train/1396710/7ba8657334c73a49e050f34d7cc28e5183da0962.jpg"
"6d2cfb3785d87c73d787190689e17d296f02e29d.jpg";"leaf";"1396710";"1008666205";"cc-by-sa";"";"Aaron Root";"38.5507";"40.34684693";"-75.93081119";"5284517.0";"Taxus baccata L.";"Taxus";"Taxaceae";"plantnet";"plantnet";"https://identify.plantnet.org/fr/k-southwestern-europe/observations/1008666205";"https://bs.plantnet.org/image/o/6d2cfb3785d87c73d787190689e17d296f02e29d";"train";"https://lab.plantnet.org/LifeCLEF/PlantCLEF2024/single_plant_training_data/PlantCLEF2024singleplanttrainingdata/train/1396710/6d2cfb3785d87c73d787190689e17d296f02e29d.jpg"
"3129c522331837b2f79ccce4ff96c67e5cf17715.jpg";"leaf";"1396710";"1008662362";"cc-by-sa";"";"tony rogers";"110.136";"51.673301";"-1.2902699999999998";"5284517.0";"Taxus baccata L.";"Taxus";"Taxaceae";"plantnet";"plantnet";"https://identify.plantnet.org/fr/k-southwestern-europe/observations/1008662362";"https://bs.plantnet.org/image/o/3129c522331837b2f79ccce4ff96c67e5cf17715";"train";"https://lab.plantnet.org/LifeCLEF/PlantCLEF2024/single_plant_training_data/PlantCLEF2024singleplanttrainingdata/train/1396710/3129c522331837b2f79ccce4ff96c67e5cf17715.jpg"
"394af6a92ff308ae70cf4d62737d9f6fdb2cf96b.jpg";"leaf";"1396710";"1008634410";"cc-by-sa";"";"Denis Simacourbe";"";"";"";"5284517.0";"Taxus baccata L.";"Taxus";"Taxaceae";"plantnet";"plantnet";"https://identify.plantnet.org/fr/k-southwestern-europe/observations/1008634410";"https://bs.plantnet.org/image/o/394af6a92ff308ae70cf4d62737d9f6fdb2cf96b";"train";"https://lab.plantnet.org/LifeCLEF/PlantCLEF2024/single_plant_training_data/PlantCLEF2024singleplanttrainingdata/train/1396710/394af6a92ff308ae70cf4d62737d9f6fdb2cf96b.jpg"
"2ea61dcc42da85b3a2b879049c45adb3da0334a5.jpg";"fruit";"1396710";"1008631629";"cc-by-sa";"";"Nick Jones";"120.4";"53.91286111111111";"-1.7429222222222225";"5284517.0";"Taxus baccata L.";"Taxus";"Taxaceae";"plantnet";"plantnet";"https://identify.plantnet.org/fr/k-southwestern-europe/observations/1008631629";"https://bs.plantnet.org/image/o/2ea61dcc42da85b3a2b879049c45adb3da0334a5";"train";"https://lab.plantnet.org/LifeCLEF/PlantCLEF2024/single_plant_training_data/PlantCLEF2024singleplanttrainingdata/train/1396710/2ea61dcc42da85b3a2b879049c45adb3da0334a5.jpg"
"e80584c319e0b4a74a4b75ffcf2b8ee74e07a7f8.jpg";"leaf";"1396710";"1008618649";"cc-by-sa";"";"Laurent Leguay";"245.0";"44.95333333333333";"1.9352777777777777";"5284517.0";"Taxus baccata L.";"Taxus";"Taxaceae";"plantnet";"plantnet";"https://identify.plantnet.org/fr/k-southwestern-europe/observations/1008618649";"https://bs.plantnet.org/image/o/e80584c319e0b4a74a4b75ffcf2b8ee74e07a7f8";"train";"https://lab.plantnet.org/LifeCLEF/PlantCLEF2024/single_plant_training_data/PlantCLEF2024singleplanttrainingdata/train/1396710/e80584c319e0b4a74a4b75ffcf2b8ee74e07a7f8.jpg"
"bc4699ae445406fd860a87400173494e1a36a156.jpg";"leaf";"1396710";"1008617954";"cc-by-sa";"";"Laura N";"175.05";"51.44227600083333";"7.270906448333333";"5284517.0";"Taxus baccata L.";"Taxus";"Taxaceae";"plantnet";"plantnet";"https://identify.plantnet.org/fr/k-southwestern-europe/observations/1008617954";"https://bs.plantnet.org/image/o/bc4699ae445406fd860a87400173494e1a36a156";"train";"https://lab.plantnet.org/LifeCLEF/PlantCLEF2024/single_plant_training_data/PlantCLEF2024singleplanttrainingdata/train/1396710/bc4699ae445406fd860a87400173494e1a36a156.jpg"
"218b10190a8a5ad0c612a17fd43c5ba030ca24c1.jpg";"fruit";"1396710";"1008602756";"cc-by-sa";"";"Renee Louise";"";"";"";"5284517.0";"Taxus baccata L.";"Taxus";"Taxaceae";"plantnet";"plantnet";"https://identify.plantnet.org/fr/k-southwestern-europe/observations/1008602756";"https://bs.plantnet.org/image/o/218b10190a8a5ad0c612a17fd43c5ba030ca24c1";"train";"https://lab.plantnet.org/LifeCLEF/PlantCLEF2024/single_plant_training_data/PlantCLEF2024singleplanttrainingdata/train/1396710/218b10190a8a5ad0c612a17fd43c5ba030ca24c1.jpg"
"e6e5b406be7018b370389416bb71d0868b6e24dc.jpg";"leaf";"1396710";"1008593368";"cc-by-sa";"";"Mariné toni";"242.0";"42.3088539904";"2.7638706286";"5284517.0";"Taxus baccata L.";"Taxus";"Taxaceae";"plantnet";"plantnet";"https://identify.plantnet.org/fr/k-southwestern-europe/observations/1008593368";"https://bs.plantnet.org/image/o/e6e5b406be7018b370389416bb71d0868b6e24dc";"train";"https://lab.plantnet.org/LifeCLEF/PlantCLEF2024/single_plant_training_data/PlantCLEF2024singleplanttrainingdata/train/1396710/e6e5b406be7018b370389416bb71d0868b6e24dc.jpg"
"64077cd980fdf5ca28b47481f8242a5dfd5de127.jpg";"leaf";"1396710";"1008590866";"cc-by-sa";"";"didier VELASQUEZ";"";"";"";"5284517.0";"Taxus baccata L.";"Taxus";"Taxaceae";"plantnet";"plantnet";"https://identify.plantnet.org/fr/k-southwestern-europe/observations/1008590866";"https://bs.plantnet.org/image/o/64077cd980fdf5ca28b47481f8242a5dfd5de127";"train";"https://lab.plantnet.org/LifeCLEF/PlantCLEF2024/single_plant_training_data/PlantCLEF2024singleplanttrainingdata/train/1396710/64077cd980fdf5ca28b47481f8242a5dfd5de127.jpg"
"91743da473075c3efad82939a8c442b54af86c70.jpg";"leaf";"1396710";"1008583337";"cc-by-sa";"";"Gómez Pedro";"79.0";"43.5534905456";"-5.9235224035";"5284517.0";"Taxus baccata L.";"Taxus";"Taxaceae";"plantnet";"plantnet";"https://identify.plantnet.org/fr/k-southwestern-europe/observations/1008583337";"https://bs.plantnet.org/image/o/91743da473075c3efad82939a8c442b54af86c70";"train";"https://lab.plantnet.org/LifeCLEF/PlantCLEF2024/single_plant_training_data/PlantCLEF2024singleplanttrainingdata/train/1396710/91743da473075c3efad82939a8c442b54af86c70.jpg"
"c32c2604400ef249c84325496f1e1a10126c4898.jpg";"leaf";"1396710";"1008577013";"cc-by-sa";"";"Séverine Rudloff";"";"";"";"5284517.0";"Taxus baccata L.";"Taxus";"Taxaceae";"plantnet";"plantnet";"https://identify.plantnet.org/fr/k-southwestern-europe/observations/1008577013";"https://bs.plantnet.org/image/o/c32c2604400ef249c84325496f1e1a10126c4898";"train";"https://lab.plantnet.org/LifeCLEF/PlantCLEF2024/single_plant_training_data/PlantCLEF2024singleplanttrainingdata/train/1396710/c32c2604400ef249c84325496f1e1a10126c4898.jpg"
"33a991dded742ccfae248445010a4fb424edf6dd.jpg";"fruit";"1396710";"1008574743";"cc-by-sa";"";"Jean-Jacques Corvasier";"30.1624";"48.844498244";"2.2338507051";"5284517.0";"Taxus baccata L.";"Taxus";"Taxaceae";"plantnet";"plantnet";"https://identify.plantnet.org/fr/k-southwestern-europe/observations/1008574743";"https://bs.plantnet.org/image/o/33a991dded742ccfae248445010a4fb424edf6dd";"train";"https://lab.plantnet.org/LifeCLEF/PlantCLEF2024/single_plant_training_data/PlantCLEF2024singleplanttrainingdata/train/1396710/33a991dded742ccfae248445010a4fb424edf6dd.jpg"
"0b70c1e706f20051d63ab071cefa6666d7b5a124.jpg";"leaf";"1396710";"1008573594";"cc-by-sa";"";"garcia jovi";"331.0";"43.34601111111111";"-7.0912444444444445";"5284517.0";"Taxus baccata L.";"Taxus";"Taxaceae";"plantnet";"plantnet";"https://identify.plantnet.org/fr/k-southwestern-europe/observations/1008573594";"https://bs.plantnet.org/image/o/0b70c1e706f20051d63ab071cefa6666d7b5a124";"train";"https://lab.plantnet.org/LifeCLEF/PlantCLEF2024/single_plant_training_data/PlantCLEF2024singleplanttrainingdata/train/1396710/0b70c1e706f20051d63ab071cefa6666d7b5a124.jpg"
"39fd255c08318760f3fba85bcd71599771900cae.jpg";"leaf";"1396710";"1008556519";"cc-by-sa";"";"Colin Fontvieille";"514.0";"45.65919888888889";"3.092130555555556";"5284517.0";"Taxus baccata L.";"Taxus";"Taxaceae";"plantnet";"plantnet";"https://identify.plantnet.org/fr/k-southwestern-europe/observations/1008556519";"https://bs.plantnet.org/image/o/39fd255c08318760f3fba85bcd71599771900cae";"train";"https://lab.plantnet.org/LifeCLEF/PlantCLEF2024/single_plant_training_data/PlantCLEF2024singleplanttrainingdata/train/1396710/39fd255c08318760f3fba85bcd71599771900cae.jpg"
"a9953e9880f1189b6f1b018b654426d58498537a.jpg";"leaf";"1396710";"1008541347";"cc-by-sa";"";"missie collins";"84.7999";"52.6417683917";"1.5027716373";"5284517.0";"Taxus baccata L.";"Taxus";"Taxaceae";"plantnet";"plantnet";"https://identify.plantnet.org/fr/k-southwestern-europe/observations/1008541347";"https://bs.plantnet.org/image/o/a9953e9880f1189b6f1b018b654426d58498537a";"train";"https://lab.plantnet.org/LifeCLEF/PlantCLEF2024/single_plant_training_data/PlantCLEF2024singleplanttrainingdata/train/1396710/a9953e9880f1189b6f1b018b654426d58498537a.jpg"
"25c8004cde2eac03fb31291ad5a8b9e9bc54060a.jpg";"fruit";"1396710";"1008533205";"cc-by-sa";"";"Aura";"520.397";"46.36869897222222";"14.108435";"5284517.0";"Taxus baccata L.";"Taxus";"Taxaceae";"plantnet";"plantnet";"https://identify.plantnet.org/fr/k-southwestern-europe/observations/1008533205";"https://bs.plantnet.org/image/o/25c8004cde2eac03fb31291ad5a8b9e9bc54060a";"train";"https://lab.plantnet.org/LifeCLEF/PlantCLEF2024/single_plant_training_data/PlantCLEF2024singleplanttrainingdata/train/1396710/25c8004cde2eac03fb31291ad5a8b9e9bc54060a.jpg"
"9d8a67b8cc2d50adbb6cea57710837cae7c8754d.jpg";"leaf";"1396710";"1008516098";"cc-by-sa";"";"Gunther Luithle";"239.0";"49.0572627";"9.235947899722222";"5284517.0";"Taxus baccata L.";"Taxus";"Taxaceae";"plantnet";"plantnet";"https://identify.plantnet.org/fr/k-southwestern-europe/observations/1008516098";"https://bs.plantnet.org/image/o/9d8a67b8cc2d50adbb6cea57710837cae7c8754d";"train";"https://lab.plantnet.org/LifeCLEF/PlantCLEF2024/single_plant_training_data/PlantCLEF2024singleplanttrainingdata/train/1396710/9d8a67b8cc2d50adbb6cea57710837cae7c8754d.jpg"
"fd451e5b7e57275ab70aa27b80750b2d4c5d98aa.jpg";"fruit";"1396710";"1008513222";"cc-by-sa";"";"Murielle du Cap";"104.472";"43.68774497222222";"7.330365972222222";"5284517.0";"Taxus baccata L.";"Taxus";"Taxaceae";"plantnet";"plantnet";"https://identify.plantnet.org/fr/k-southwestern-europe/observations/1008513222";"https://bs.plantnet.org/image/o/fd451e5b7e57275ab70aa27b80750b2d4c5d98aa";"train";"https://lab.plantnet.org/LifeCLEF/PlantCLEF2024/single_plant_training_data/PlantCLEF2024singleplanttrainingdata/train/1396710/fd451e5b7e57275ab70aa27b80750b2d4c5d98aa.jpg"
"7ed64b42d3eb108308c549cda4479d8e7b30ce07.jpg";"leaf";"1396710";"1008509494";"cc-by-sa";"";"john carq";"185.0";"47.48484419444445";"3.646380861111111";"5284517.0";"Taxus baccata L.";"Taxus";"Taxaceae";"plantnet";"plantnet";"https://identify.plantnet.org/fr/k-southwestern-europe/observations/1008509494";"https://bs.plantnet.org/image/o/7ed64b42d3eb108308c549cda4479d8e7b30ce07";"train";"https://lab.plantnet.org/LifeCLEF/PlantCLEF2024/single_plant_training_data/PlantCLEF2024singleplanttrainingdata/train/1396710/7ed64b42d3eb108308c549cda4479d8e7b30ce07.jpg"
"ade5767b7b687c90bbb9e71d61802951ff3a449c.jpg";"leaf";"1396710";"1008507490";"cc-by-sa";"";"granich Doc";"161.3199";"45.48763519";"9.17936803";"5284517.0";"Taxus baccata L.";"Taxus";"Taxaceae";"plantnet";"plantnet";"https://identify.plantnet.org/fr/k-southwestern-europe/observations/1008507490";"https://bs.plantnet.org/image/o/ade5767b7b687c90bbb9e71d61802951ff3a449c";"train";"https://lab.plantnet.org/LifeCLEF/PlantCLEF2024/single_plant_training_data/PlantCLEF2024singleplanttrainingdata/train/1396710/ade5767b7b687c90bbb9e71d61802951ff3a449c.jpg"
"0f4fadd5c5e633e9012d10200f53b833b5ee2a97.jpg";"leaf";"1396710";"1008494786";"cc-by-sa";"";"Paul MOUGEL";"339.0";"48.65043253055556";"6.174633913888889";"5284517.0";"Taxus baccata L.";"Taxus";"Taxaceae";"plantnet";"plantnet";"https://identify.plantnet.org/fr/k-southwestern-europe/observations/1008494786";"https://bs.plantnet.org/image/o/0f4fadd5c5e633e9012d10200f53b833b5ee2a97";"train";"https://lab.plantnet.org/LifeCLEF/PlantCLEF2024/single_plant_training_data/PlantCLEF2024singleplanttrainingdata/train/1396710/0f4fadd5c5e633e9012d10200f53b833b5ee2a97.jpg"
"ba4e0947d044628976cfccbdbc73ffeb32fbda07.jpg";"leaf";"1396710";"1008490508";"cc-by-sa";"";"Becky Mitchell";"248.8";"42.19189";"-83.8127266667";"5284517.0";"Taxus baccata L.";"Taxus";"Taxaceae";"plantnet";"plantnet";"https://identify.plantnet.org/fr/k-southwestern-europe/observations/1008490508";"https://bs.plantnet.org/image/o/ba4e0947d044628976cfccbdbc73ffeb32fbda07";"train";"https://lab.plantnet.org/LifeCLEF/PlantCLEF2024/single_plant_training_data/PlantCLEF2024singleplanttrainingdata/train/1396710/ba4e0947d044628976cfccbdbc73ffeb32fbda07.jpg"
"1a9191af2e6eba12faf2acdc39de56a6e8c4ce56.jpg";"fruit";"1396710";"1008477017";"cc-by-sa";"";"jissai";"174.2508";"49.316452598";"1.2447636727";"5284517.0";"Taxus baccata L.";"Taxus";"Taxaceae";"plantnet";"plantnet";"https://identify.plantnet.org/fr/k-southwestern-europe/observations/1008477017";"https://bs.plantnet.org/image/o/1a9191af2e6eba12faf2acdc39de56a6e8c4ce56";"train";"https://lab.plantnet.org/LifeCLEF/PlantCLEF2024/single_plant_training_data/PlantCLEF2024singleplanttrainingdata/train/1396710/1a9191af2e6eba12faf2acdc39de56a6e8c4ce56.jpg"
"568afbc61a9df63a6c58b7336895417ff06fbb26.jpg";"leaf";"1396710";"1008471029";"cc-by-sa";"";"Jolia";"318.07";"42.8864760673";"12.6524103463";"5284517.0";"Taxus baccata L.";"Taxus";"Taxaceae";"plantnet";"plantnet";"https://identify.plantnet.org/fr/k-southwestern-europe/observations/1008471029";"https://bs.plantnet.org/image/o/568afbc61a9df63a6c58b7336895417ff06fbb26";"train";"https://lab.plantnet.org/LifeCLEF/PlantCLEF2024/single_plant_training_data/PlantCLEF2024singleplanttrainingdata/train/1396710/568afbc61a9df63a6c58b7336895417ff06fbb26.jpg"
"7ed637b0a9f7dc528d1b1736ed6ba86ada2a55d8.jpg";"fruit";"1396710";"1008448545";"cc-by-sa";"";"esther moore";"16.5056";"51.8526261328";"1.1679829211";"5284517.0";"Taxus baccata L.";"Taxus";"Taxaceae";"plantnet";"plantnet";"https://identify.plantnet.org/fr/k-southwestern-europe/observations/1008448545";"https://bs.plantnet.org/image/o/7ed637b0a9f7dc528d1b1736ed6ba86ada2a55d8";"train";"https://lab.plantnet.org/LifeCLEF/PlantCLEF2024/single_plant_training_data/PlantCLEF2024singleplanttrainingdata/train/1396710/7ed637b0a9f7dc528d1b1736ed6ba86ada2a55d8.jpg"
"1f07d66ef3c5ac3b1b28dda4e1b87c90cf47af61.jpg";"fruit";"1396710";"1008446754";"cc-by-sa";"";"Robert66";"346.0";"45.711137848";"9.2092987709";"5284517.0";"Taxus baccata L.";"Taxus";"Taxaceae";"plantnet";"plantnet";"https://identify.plantnet.org/fr/k-southwestern-europe/observations/1008446754";"https://bs.plantnet.org/image/o/1f07d66ef3c5ac3b1b28dda4e1b87c90cf47af61";"train";"https://lab.plantnet.org/LifeCLEF/PlantCLEF2024/single_plant_training_data/PlantCLEF2024singleplanttrainingdata/train/1396710/1f07d66ef3c5ac3b1b28dda4e1b87c90cf47af61.jpg"
"724962d0e543c3f375e815f4b704344f4e2143bd.jpg";"fruit";"1396710";"1008443749";"cc-by-sa";"";"Skwar Alexander";"450.3593";"47.57782349";"8.94131523";"5284517.0";"Taxus baccata L.";"Taxus";"Taxaceae";"plantnet";"plantnet";"https://identify.plantnet.org/fr/k-southwestern-europe/observations/1008443749";"https://bs.plantnet.org/image/o/724962d0e543c3f375e815f4b704344f4e2143bd";"train";"https://lab.plantnet.org/LifeCLEF/PlantCLEF2024/single_plant_training_data/PlantCLEF2024singleplanttrainingdata/train/1396710/724962d0e543c3f375e815f4b704344f4e2143bd.jpg"
"fc57bf7c14497229ace4c897b450746e69414634.jpg";"fruit";"1396710";"1008442384";"cc-by-sa";"";"girasol";"";"";"";"5284517.0";"Taxus baccata L.";"Taxus";"Taxaceae";"plantnet";"plantnet";"https://identify.plantnet.org/fr/k-southwestern-europe/observations/1008442384";"https://bs.plantnet.org/image/o/fc57bf7c14497229ace4c897b450746e69414634";"train";"https://lab.plantnet.org/LifeCLEF/PlantCLEF2024/single_plant_training_data/PlantCLEF2024singleplanttrainingdata/train/1396710/fc57bf7c14497229ace4c897b450746e69414634.jpg"
"4e125236221fdb05e7ab1afe5621220510947fd6.jpg";"leaf";"1396710";"1008430705";"cc-by-sa";"";"staryu";"";"";"";"5284517.0";"Taxus baccata L.";"Taxus";"Taxaceae";"plantnet";"plantnet";"https://identify.plantnet.org/fr/k-southwestern-europe/observations/1008430705";"https://bs.plantnet.org/image/o/4e125236221fdb05e7ab1afe5621220510947fd6";"train";"https://lab.plantnet.org/LifeCLEF/PlantCLEF2024/single_plant_training_data/PlantCLEF2024singleplanttrainingdata/train/1396710/4e125236221fdb05e7ab1afe5621220510947fd6.jpg"
"7524b22e01325335dc3a435bf7d8fb6bdd4d45d1.jpg";"leaf";"1396710";"1010049632";"cc-by-sa";"";"Nadja Goeree";"63.44";"52.799347222222224";"6.904419444444445";"5284517.0";"Taxus baccata L.";"Taxus";"Taxaceae";"plantnet";"plantnet";"https://identify.plantnet.org/fr/k-southwestern-europe/observations/1010049632";"https://bs.plantnet.org/image/o/7524b22e01325335dc3a435bf7d8fb6bdd4d45d1";"train";"https://lab.plantnet.org/LifeCLEF/PlantCLEF2024/single_plant_training_data/PlantCLEF2024singleplanttrainingdata/train/1396710/7524b22e01325335dc3a435bf7d8fb6bdd4d45d1.jpg"
"c8497314bdc26837c582f1ef05340c482225f5be.jpg";"leaf";"1396710";"1008406930";"cc-by-sa";"";"aizawa chieko";"";"";"";"5284517.0";"Taxus baccata L.";"Taxus";"Taxaceae";"plantnet";"plantnet";"https://identify.plantnet.org/fr/k-southwestern-europe/observations/1008406930";"https://bs.plantnet.org/image/o/c8497314bdc26837c582f1ef05340c482225f5be";"train";"https://lab.plantnet.org/LifeCLEF/PlantCLEF2024/single_plant_training_data/PlantCLEF2024singleplanttrainingdata/train/1396710/c8497314bdc26837c582f1ef05340c482225f5be.jpg"
"e75962a489bdc0635413a9066fd6a595324f11fd.jpg";"leaf";"1396710";"1008393854";"cc-by-sa";"";"Marco Foti";"31.0";"41.89549509972222";"12.4863189";"5284517.0";"Taxus baccata L.";"Taxus";"Taxaceae";"plantnet";"plantnet";"https://identify.plantnet.org/fr/k-southwestern-europe/observations/1008393854";"https://bs.plantnet.org/image/o/e75962a489bdc0635413a9066fd6a595324f11fd";"train";"https://lab.plantnet.org/LifeCLEF/PlantCLEF2024/single_plant_training_data/PlantCLEF2024singleplanttrainingdata/train/1396710/e75962a489bdc0635413a9066fd6a595324f11fd.jpg"
"e83a97411b143ad7e07f7401fcaa1d283cb01070.jpg";"bark";"1396710";"1008392142";"cc-by-sa";"";"Bob Rott";"292.0";"48.90732191666667";"18.179084777777778";"5284517.0";"Taxus baccata L.";"Taxus";"Taxaceae";"plantnet";"plantnet";"https://identify.plantnet.org/fr/k-southwestern-europe/observations/1008392142";"https://bs.plantnet.org/image/o/e83a97411b143ad7e07f7401fcaa1d283cb01070";"train";"https://lab.plantnet.org/LifeCLEF/PlantCLEF2024/single_plant_training_data/PlantCLEF2024singleplanttrainingdata/train/1396710/e83a97411b143ad7e07f7401fcaa1d283cb01070.jpg"
"a817852e0cb5e977357efaa47d6c3562cc8462c0.jpg";"leaf";"1396710";"1008389443";"cc-by-sa";"";"Amy Porter";"57.0";"52.7031423";"-2.7444799";"5284517.0";"Taxus baccata L.";"Taxus";"Taxaceae";"plantnet";"plantnet";"https://identify.plantnet.org/fr/k-southwestern-europe/observations/1008389443";"https://bs.plantnet.org/image/o/a817852e0cb5e977357efaa47d6c3562cc8462c0";"train";"https://lab.plantnet.org/LifeCLEF/PlantCLEF2024/single_plant_training_data/PlantCLEF2024singleplanttrainingdata/train/1396710/a817852e0cb5e977357efaa47d6c3562cc8462c0.jpg"
"13e067c138915c3dc2a5cfec170e1933ac4c7217.jpg";"leaf";"1396710";"1008382742";"cc-by-sa";"";"MelissiAn Nicola";"50.0";"53.56888888888889";"9.63361111111111";"5284517.0";"Taxus baccata L.";"Taxus";"Taxaceae";"plantnet";"plantnet";"https://identify.plantnet.org/fr/k-southwestern-europe/observations/1008382742";"https://bs.plantnet.org/image/o/13e067c138915c3dc2a5cfec170e1933ac4c7217";"train";"https://lab.plantnet.org/LifeCLEF/PlantCLEF2024/single_plant_training_data/PlantCLEF2024singleplanttrainingdata/train/1396710/13e067c138915c3dc2a5cfec170e1933ac4c7217.jpg"
"9c894bdb5f525ec5cab8ec4a64c9480841269373.jpg";"leaf";"1396710";"1008381257";"cc-by-sa";"";"charles khoury";"77.5559";"43.614105008";"3.872466857";"5284517.0";"Taxus baccata L.";"Taxus";"Taxaceae";"plantnet";"plantnet";"https://identify.plantnet.org/fr/k-southwestern-europe/observations/1008381257";"https://bs.plantnet.org/image/o/9c894bdb5f525ec5cab8ec4a64c9480841269373";"train";"https://lab.plantnet.org/LifeCLEF/PlantCLEF2024/single_plant_training_data/PlantCLEF2024singleplanttrainingdata/train/1396710/9c894bdb5f525ec5cab8ec4a64c9480841269373.jpg"
"067a8cc67b7f628302fbf29f1ba971420624379e.jpg";"leaf";"1396710";"1008373461";"cc-by-sa";"";"pietro fusco";"251.844";"41.96374661111111";"12.795638916666666";"5284517.0";"Taxus baccata L.";"Taxus";"Taxaceae";"plantnet";"plantnet";"https://identify.plantnet.org/fr/k-southwestern-europe/observations/1008373461";"https://bs.plantnet.org/image/o/067a8cc67b7f628302fbf29f1ba971420624379e";"train";"https://lab.plantnet.org/LifeCLEF/PlantCLEF2024/single_plant_training_data/PlantCLEF2024singleplanttrainingdata/train/1396710/067a8cc67b7f628302fbf29f1ba971420624379e.jpg"
"445309a86dd46efde89879ef0824b5471d79dadb.jpg";"fruit";"1396710";"1008357266";"cc-by-sa";"";"petitsuisse45";"88.5377";"48.8782986347";"2.3798841611";"5284517.0";"Taxus baccata L.";"Taxus";"Taxaceae";"plantnet";"plantnet";"https://identify.plantnet.org/fr/k-southwestern-europe/observations/1008357266";"https://bs.plantnet.org/image/o/445309a86dd46efde89879ef0824b5471d79dadb";"train";"https://lab.plantnet.org/LifeCLEF/PlantCLEF2024/single_plant_training_data/PlantCLEF2024singleplanttrainingdata/train/1396710/445309a86dd46efde89879ef0824b5471d79dadb.jpg"
"8bce8c0a03743aa4b67111a46a3987ee6b1b7d7c.jpg";"leaf";"1396710";"1008347832";"cc-by-sa";"";"J D";"";"";"";"5284517.0";"Taxus baccata L.";"Taxus";"Taxaceae";"plantnet";"plantnet";"https://identify.plantnet.org/fr/k-southwestern-europe/observations/1008347832";"https://bs.plantnet.org/image/o/8bce8c0a03743aa4b67111a46a3987ee6b1b7d7c";"train";"https://lab.plantnet.org/LifeCLEF/PlantCLEF2024/single_plant_training_data/PlantCLEF2024singleplanttrainingdata/train/1396710/8bce8c0a03743aa4b67111a46a3987ee6b1b7d7c.jpg"
"00a4c49a00379d9bdfaeb3dcec963a68d7a9934b.jpg";"leaf";"1396710";"1008435923";"cc-by-sa";"";"Max";"";"";"";"5284517.0";"Taxus baccata L.";"Taxus";"Taxaceae";"plantnet";"plantnet";"https://identify.plantnet.org/fr/k-southwestern-europe/observations/1008435923";"https://bs.plantnet.org/image/o/00a4c49a00379d9bdfaeb3dcec963a68d7a9934b";"train";"https://lab.plantnet.org/LifeCLEF/PlantCLEF2024/single_plant_training_data/PlantCLEF2024singleplanttrainingdata/train/1396710/00a4c49a00379d9bdfaeb3dcec963a68d7a9934b.jpg"
"95944b743f59329eed111f23f7333ab0e51cf188.jpg";"leaf";"1396710";"1008345276";"cc-by-sa";"";"Nani Ruiz";"";"";"";"5284517.0";"Taxus baccata L.";"Taxus";"Taxaceae";"plantnet";"plantnet";"https://identify.plantnet.org/fr/k-southwestern-europe/observations/1008345276";"https://bs.plantnet.org/image/o/95944b743f59329eed111f23f7333ab0e51cf188";"train";"https://lab.plantnet.org/LifeCLEF/PlantCLEF2024/single_plant_training_data/PlantCLEF2024singleplanttrainingdata/train/1396710/95944b743f59329eed111f23f7333ab0e51cf188.jpg"
"29f9fd5b409badfeda6316cb9b6bec23f70015fc.jpg";"leaf";"1396710";"1012314421";"cc-by-sa";"";"Begona Dorado del Águila";"476.9";"40.038625";"-3.6081861111111113";"5284517.0";"Taxus baccata L.";"Taxus";"Taxaceae";"plantnet";"plantnet";"https://identify.plantnet.org/fr/k-southwestern-europe/observations/1012314421";"https://bs.plantnet.org/image/o/29f9fd5b409badfeda6316cb9b6bec23f70015fc";"train";"https://lab.plantnet.org/LifeCLEF/PlantCLEF2024/single_plant_training_data/PlantCLEF2024singleplanttrainingdata/train/1396710/29f9fd5b409badfeda6316cb9b6bec23f70015fc.jpg"
"ebf1cbd58fb469ac014db9d31c21b1063d7f4fa5.jpg";"leaf";"1396710";"1008317184";"cc-by-sa";"";"michel jossen";"";"";"";"5284517.0";"Taxus baccata L.";"Taxus";"Taxaceae";"plantnet";"plantnet";"https://identify.plantnet.org/fr/k-southwestern-europe/observations/1008317184";"https://bs.plantnet.org/image/o/ebf1cbd58fb469ac014db9d31c21b1063d7f4fa5";"train";"https://lab.plantnet.org/LifeCLEF/PlantCLEF2024/single_plant_training_data/PlantCLEF2024singleplanttrainingdata/train/1396710/ebf1cbd58fb469ac014db9d31c21b1063d7f4fa5.jpg"
"da5a52c2e2b2116706622590d7a14d074a51dc7e.jpg";"leaf";"1396710";"1008312621";"cc-by-sa";"";"Lindroos Kristian";"25.0";"60.1695033";"22.7461349";"5284517.0";"Taxus baccata L.";"Taxus";"Taxaceae";"plantnet";"plantnet";"https://identify.plantnet.org/fr/k-southwestern-europe/observations/1008312621";"https://bs.plantnet.org/image/o/da5a52c2e2b2116706622590d7a14d074a51dc7e";"train";"https://lab.plantnet.org/LifeCLEF/PlantCLEF2024/single_plant_training_data/PlantCLEF2024singleplanttrainingdata/train/1396710/da5a52c2e2b2116706622590d7a14d074a51dc7e.jpg"
"273f561740925fae197c4cdf8a033d9fc7bc8a26.jpg";"leaf";"1396710";"1008287863";"cc-by-sa";"";"Sherbak Yana";"";"";"";"5284517.0";"Taxus baccata L.";"Taxus";"Taxaceae";"plantnet";"plantnet";"https://identify.plantnet.org/fr/k-southwestern-europe/observations/1008287863";"https://bs.plantnet.org/image/o/273f561740925fae197c4cdf8a033d9fc7bc8a26";"train";"https://lab.plantnet.org/LifeCLEF/PlantCLEF2024/single_plant_training_data/PlantCLEF2024singleplanttrainingdata/train/1396710/273f561740925fae197c4cdf8a033d9fc7bc8a26.jpg"
"a976a31d96f53085649c578cfa242bd4cb25445f.jpg";"leaf";"1396710";"1008281632";"cc-by-sa";"";"Thimo Verveer";"52.9281";"51.8754273571";"4.6217542223";"5284517.0";"Taxus baccata L.";"Taxus";"Taxaceae";"plantnet";"plantnet";"https://identify.plantnet.org/fr/k-southwestern-europe/observations/1008281632";"https://bs.plantnet.org/image/o/a976a31d96f53085649c578cfa242bd4cb25445f";"train";"https://lab.plantnet.org/LifeCLEF/PlantCLEF2024/single_plant_training_data/PlantCLEF2024singleplanttrainingdata/train/1396710/a976a31d96f53085649c578cfa242bd4cb25445f.jpg"
"cf7e2da14404b754ee9f80d667c05332b11aeaaa.jpg";"bark";"1396710";"1008275122";"cc-by-sa";"";"Simon Latham";"";"";"";"5284517.0";"Taxus baccata L.";"Taxus";"Taxaceae";"plantnet";"plantnet";"https://identify.plantnet.org/fr/k-southwestern-europe/observations/1008275122";"https://bs.plantnet.org/image/o/cf7e2da14404b754ee9f80d667c05332b11aeaaa";"train";"https://lab.plantnet.org/LifeCLEF/PlantCLEF2024/single_plant_training_data/PlantCLEF2024singleplanttrainingdata/train/1396710/cf7e2da14404b754ee9f80d667c05332b11aeaaa.jpg"
"c0b89aa3ac4e9bcda011d75ca36f185217bccf2c.jpg";"leaf";"1396710";"1008271779";"cc-by-sa";"";"Luc Van De Wiele";"240.9379";"45.7564417752";"4.7427577095";"5284517.0";"Taxus baccata L.";"Taxus";"Taxaceae";"plantnet";"plantnet";"https://identify.plantnet.org/fr/k-southwestern-europe/observations/1008271779";"https://bs.plantnet.org/image/o/c0b89aa3ac4e9bcda011d75ca36f185217bccf2c";"train";"https://lab.plantnet.org/LifeCLEF/PlantCLEF2024/single_plant_training_data/PlantCLEF2024singleplanttrainingdata/train/1396710/c0b89aa3ac4e9bcda011d75ca36f185217bccf2c.jpg"
"0b07e1198573def7b6a0d4210592d68e2712bd9b.jpg";"leaf";"1396710";"1008241536";"cc-by-sa";"";"TamaraMaria";"889.699";"44.0559";"10.823561111111111";"5284517.0";"Taxus baccata L.";"Taxus";"Taxaceae";"plantnet";"plantnet";"https://identify.plantnet.org/fr/k-southwestern-europe/observations/1008241536";"https://bs.plantnet.org/image/o/0b07e1198573def7b6a0d4210592d68e2712bd9b";"train";"https://lab.plantnet.org/LifeCLEF/PlantCLEF2024/single_plant_training_data/PlantCLEF2024singleplanttrainingdata/train/1396710/0b07e1198573def7b6a0d4210592d68e2712bd9b.jpg"
"b68ec35e75582073d612d25ba4562292c95b848d.jpg";"leaf";"1396710";"1008210017";"cc-by-sa";"";"MWeber";"283.016";"50.9533587";"7.5401937";"5284517.0";"Taxus baccata L.";"Taxus";"Taxaceae";"plantnet";"plantnet";"https://identify.plantnet.org/fr/k-southwestern-europe/observations/1008210017";"https://bs.plantnet.org/image/o/b68ec35e75582073d612d25ba4562292c95b848d";"train";"https://lab.plantnet.org/LifeCLEF/PlantCLEF2024/single_plant_training_data/PlantCLEF2024singleplanttrainingdata/train/1396710/b68ec35e75582073d612d25ba4562292c95b848d.jpg"
"83cab3c80569be74acd2e245193dd0cacfd073cf.jpg";"leaf";"1396710";"1008166937";"cc-by-sa";"";"Gian Luigi De Lorenzo Gian Luigi De Lorenzo";"";"";"";"5284517.0";"Taxus baccata L.";"Taxus";"Taxaceae";"plantnet";"plantnet";"https://identify.plantnet.org/fr/k-southwestern-europe/observations/1008166937";"https://bs.plantnet.org/image/o/83cab3c80569be74acd2e245193dd0cacfd073cf";"train";"https://lab.plantnet.org/LifeCLEF/PlantCLEF2024/single_plant_training_data/PlantCLEF2024singleplanttrainingdata/train/1396710/83cab3c80569be74acd2e245193dd0cacfd073cf.jpg"
"dc73fddbd984e9305758e548d0d6e572ef7167eb.jpg";"leaf";"1396710";"1008153123";"cc-by-sa";"";"Dawid Kaczor";"39.577";"54.152949972222224";"15.403771";"5284517.0";"Taxus baccata L.";"Taxus";"Taxaceae";"plantnet";"plantnet";"https://identify.plantnet.org/fr/k-southwestern-europe/observations/1008153123";"https://bs.plantnet.org/image/o/dc73fddbd984e9305758e548d0d6e572ef7167eb";"train";"https://lab.plantnet.org/LifeCLEF/PlantCLEF2024/single_plant_training_data/PlantCLEF2024singleplanttrainingdata/train/1396710/dc73fddbd984e9305758e548d0d6e572ef7167eb.jpg"
"016ae1dfc2a4e255426d165ab2081a56437d07c3.jpg";"leaf";"1396710";"1008139323";"cc-by-sa";"";"xie laura";"";"";"";"5284517.0";"Taxus baccata L.";"Taxus";"Taxaceae";"plantnet";"plantnet";"https://identify.plantnet.org/fr/k-southwestern-europe/observations/1008139323";"https://bs.plantnet.org/image/o/016ae1dfc2a4e255426d165ab2081a56437d07c3";"train";"https://lab.plantnet.org/LifeCLEF/PlantCLEF2024/single_plant_training_data/PlantCLEF2024singleplanttrainingdata/train/1396710/016ae1dfc2a4e255426d165ab2081a56437d07c3.jpg"
"768bdf38dc76204569e9e4ddcfad947acdafa008.jpg";"leaf";"1396710";"1008069631";"cc-by-sa";"";"carlos den otter";"7.0";"53.02626169972222";"7.561199099722222";"5284517.0";"Taxus baccata L.";"Taxus";"Taxaceae";"plantnet";"plantnet";"https://identify.plantnet.org/fr/k-southwestern-europe/observations/1008069631";"https://bs.plantnet.org/image/o/768bdf38dc76204569e9e4ddcfad947acdafa008";"train";"https://lab.plantnet.org/LifeCLEF/PlantCLEF2024/single_plant_training_data/PlantCLEF2024singleplanttrainingdata/train/1396710/768bdf38dc76204569e9e4ddcfad947acdafa008.jpg"
"7e6a0efb89b1736ff561a19d16f3524c8675ee40.jpg";"leaf";"1396710";"1008061744";"cc-by-sa";"";"Emmanuelle Martin";"978.0";"46.21316039972223";"7.200223199722222";"5284517.0";"Taxus baccata L.";"Taxus";"Taxaceae";"plantnet";"plantnet";"https://identify.plantnet.org/fr/k-southwestern-europe/observations/1008061744";"https://bs.plantnet.org/image/o/7e6a0efb89b1736ff561a19d16f3524c8675ee40";"train";"https://lab.plantnet.org/LifeCLEF/PlantCLEF2024/single_plant_training_data/PlantCLEF2024singleplanttrainingdata/train/1396710/7e6a0efb89b1736ff561a19d16f3524c8675ee40.jpg"
"05602437621fd9ddf87021d7465b938076c9886c.jpg";"leaf";"1396710";"1008031871";"cc-by-sa";"";"Bjørnar Hassel";"0.9543";"61.2086744695";"6.5379175323";"5284517.0";"Taxus baccata L.";"Taxus";"Taxaceae";"plantnet";"plantnet";"https://identify.plantnet.org/fr/k-southwestern-europe/observations/1008031871";"https://bs.plantnet.org/image/o/05602437621fd9ddf87021d7465b938076c9886c";"train";"https://lab.plantnet.org/LifeCLEF/PlantCLEF2024/single_plant_training_data/PlantCLEF2024singleplanttrainingdata/train/1396710/05602437621fd9ddf87021d7465b938076c9886c.jpg"
"ec0d0387f55a79781f5fd7c8d053cf6c129b5c2e.jpg";"leaf";"1396710";"1008028880";"cc-by-sa";"";"Esher Smith";"56.459";"53.1780695357";"-1.0358833708";"5284517.0";"Taxus baccata L.";"Taxus";"Taxaceae";"plantnet";"plantnet";"https://identify.plantnet.org/fr/k-southwestern-europe/observations/1008028880";"https://bs.plantnet.org/image/o/ec0d0387f55a79781f5fd7c8d053cf6c129b5c2e";"train";"https://lab.plantnet.org/LifeCLEF/PlantCLEF2024/single_plant_training_data/PlantCLEF2024singleplanttrainingdata/train/1396710/ec0d0387f55a79781f5fd7c8d053cf6c129b5c2e.jpg"
"1282bb14a30fa45ecf51bf0fa0cacdf28b343c19.jpg";"leaf";"1396710";"1008016742";"cc-by-sa";"";"Christian Thiessen";"56.0";"53.8860356295";"10.7084621675";"5284517.0";"Taxus baccata L.";"Taxus";"Taxaceae";"plantnet";"plantnet";"https://identify.plantnet.org/fr/k-southwestern-europe/observations/1008016742";"https://bs.plantnet.org/image/o/1282bb14a30fa45ecf51bf0fa0cacdf28b343c19";"train";"https://lab.plantnet.org/LifeCLEF/PlantCLEF2024/single_plant_training_data/PlantCLEF2024singleplanttrainingdata/train/1396710/1282bb14a30fa45ecf51bf0fa0cacdf28b343c19.jpg"
"2a6a23a3bd12d23cd920adeca6416a90ff46b319.jpg";"bark";"1396710";"1007985046";"cc-by-sa";"";"Emma Jones";"94.362";"54.880833333333335";"-2.950277777777778";"5284517.0";"Taxus baccata L.";"Taxus";"Taxaceae";"plantnet";"plantnet";"https://identify.plantnet.org/fr/k-southwestern-europe/observations/1007985046";"https://bs.plantnet.org/image/o/2a6a23a3bd12d23cd920adeca6416a90ff46b319";"train";"https://lab.plantnet.org/LifeCLEF/PlantCLEF2024/single_plant_training_data/PlantCLEF2024singleplanttrainingdata/train/1396710/2a6a23a3bd12d23cd920adeca6416a90ff46b319.jpg"
"42b09d0c3c39b4c3b63f6f44a7c966e35a94fe7c.jpg";"leaf";"1396710";"1007968718";"cc-by-sa";"";"M Uge";"";"";"";"5284517.0";"Taxus baccata L.";"Taxus";"Taxaceae";"plantnet";"plantnet";"https://identify.plantnet.org/fr/k-southwestern-europe/observations/1007968718";"https://bs.plantnet.org/image/o/42b09d0c3c39b4c3b63f6f44a7c966e35a94fe7c";"train";"https://lab.plantnet.org/LifeCLEF/PlantCLEF2024/single_plant_training_data/PlantCLEF2024singleplanttrainingdata/train/1396710/42b09d0c3c39b4c3b63f6f44a7c966e35a94fe7c.jpg"
"fe670712d6c7a4c801f1d32247f42bdacbe0b187.jpg";"leaf";"1396710";"1007952870";"cc-by-sa";"";"Élisabeth De Roland";"197.0";"48.6554712709";"2.3872738145";"5284517.0";"Taxus baccata L.";"Taxus";"Taxaceae";"plantnet";"plantnet";"https://identify.plantnet.org/fr/k-southwestern-europe/observations/1007952870";"https://bs.plantnet.org/image/o/fe670712d6c7a4c801f1d32247f42bdacbe0b187";"train";"https://lab.plantnet.org/LifeCLEF/PlantCLEF2024/single_plant_training_data/PlantCLEF2024singleplanttrainingdata/train/1396710/fe670712d6c7a4c801f1d32247f42bdacbe0b187.jpg"
"802aaf6cf0c777bb0053e4fcb21bedf027ef9ab6.jpg";"fruit";"1396710";"1007929271";"cc-by-sa";"";"Fabio Fabio";"";"";"";"5284517.0";"Taxus baccata L.";"Taxus";"Taxaceae";"plantnet";"plantnet";"https://identify.plantnet.org/fr/k-southwestern-europe/observations/1007929271";"https://bs.plantnet.org/image/o/802aaf6cf0c777bb0053e4fcb21bedf027ef9ab6";"train";"https://lab.plantnet.org/LifeCLEF/PlantCLEF2024/single_plant_training_data/PlantCLEF2024singleplanttrainingdata/train/1396710/802aaf6cf0c777bb0053e4fcb21bedf027ef9ab6.jpg"
"bb89ed8ec76f334bd75f98aebeb23b3b32a4d7d6.jpg";"leaf";"1396710";"1007879386";"cc-by-sa";"";"Kay";"281.971";"41.63257397222223";"-0.897397";"5284517.0";"Taxus baccata L.";"Taxus";"Taxaceae";"plantnet";"plantnet";"https://identify.plantnet.org/fr/k-southwestern-europe/observations/1007879386";"https://bs.plantnet.org/image/o/bb89ed8ec76f334bd75f98aebeb23b3b32a4d7d6";"train";"https://lab.plantnet.org/LifeCLEF/PlantCLEF2024/single_plant_training_data/PlantCLEF2024singleplanttrainingdata/train/1396710/bb89ed8ec76f334bd75f98aebeb23b3b32a4d7d6.jpg"
"5b35f0c7ad8dfa60411011c7f3f11cac006db81a.jpg";"fruit";"1396710";"1007871744";"cc-by-sa";"";"Salomon NOHRA";"";"";"";"5284517.0";"Taxus baccata L.";"Taxus";"Taxaceae";"plantnet";"plantnet";"https://identify.plantnet.org/fr/k-southwestern-europe/observations/1007871744";"https://bs.plantnet.org/image/o/5b35f0c7ad8dfa60411011c7f3f11cac006db81a";"train";"https://lab.plantnet.org/LifeCLEF/PlantCLEF2024/single_plant_training_data/PlantCLEF2024singleplanttrainingdata/train/1396710/5b35f0c7ad8dfa60411011c7f3f11cac006db81a.jpg"
"b0b961b4accb5a4a94be682f8a25c84487a9f0f7.jpg";"leaf";"1396710";"1007863455";"cc-by-sa";"";"colleter";"215.5";"45.75660277777778";"4.833";"5284517.0";"Taxus baccata L.";"Taxus";"Taxaceae";"plantnet";"plantnet";"https://identify.plantnet.org/fr/k-southwestern-europe/observations/1007863455";"https://bs.plantnet.org/image/o/b0b961b4accb5a4a94be682f8a25c84487a9f0f7";"train";"https://lab.plantnet.org/LifeCLEF/PlantCLEF2024/single_plant_training_data/PlantCLEF2024singleplanttrainingdata/train/1396710/b0b961b4accb5a4a94be682f8a25c84487a9f0f7.jpg"
"9f872fe25acc80fbe4af124c9bc0222864ce59cd.jpg";"leaf";"1396710";"1007837661";"cc-by-sa";"";"Diana Steelman";"177.96";"35.19567180555556";"-87.03000913888889";"5284517.0";"Taxus baccata L.";"Taxus";"Taxaceae";"plantnet";"plantnet";"https://identify.plantnet.org/fr/k-southwestern-europe/observations/1007837661";"https://bs.plantnet.org/image/o/9f872fe25acc80fbe4af124c9bc0222864ce59cd";"train";"https://lab.plantnet.org/LifeCLEF/PlantCLEF2024/single_plant_training_data/PlantCLEF2024singleplanttrainingdata/train/1396710/9f872fe25acc80fbe4af124c9bc0222864ce59cd.jpg"
"a5270273b72320ce41b72e2c41783e576eb9ef30.jpg";"leaf";"1396710";"1007836328";"cc-by-sa";"";"magdalena kucharska";"115.0";"52.130152937";"20.740632154";"5284517.0";"Taxus baccata L.";"Taxus";"Taxaceae";"plantnet";"plantnet";"https://identify.plantnet.org/fr/k-southwestern-europe/observations/1007836328";"https://bs.plantnet.org/image/o/a5270273b72320ce41b72e2c41783e576eb9ef30";"train";"https://lab.plantnet.org/LifeCLEF/PlantCLEF2024/single_plant_training_data/PlantCLEF2024singleplanttrainingdata/train/1396710/a5270273b72320ce41b72e2c41783e576eb9ef30.jpg"
"571779e36fa356d2c51c251bc95927445688ef91.jpg";"leaf";"1396710";"1007835309";"cc-by-sa";"";"valerie h";"88.2089";"50.8106283276";"4.514170325";"5284517.0";"Taxus baccata L.";"Taxus";"Taxaceae";"plantnet";"plantnet";"https://identify.plantnet.org/fr/k-southwestern-europe/observations/1007835309";"https://bs.plantnet.org/image/o/571779e36fa356d2c51c251bc95927445688ef91";"train";"https://lab.plantnet.org/LifeCLEF/PlantCLEF2024/single_plant_training_data/PlantCLEF2024singleplanttrainingdata/train/1396710/571779e36fa356d2c51c251bc95927445688ef91.jpg"
"127a9c96effc001aa7b56e767772f942dd3a69e7.jpg";"leaf";"1396710";"1007711629";"cc-by-sa";"";"bastien flamand";"148.435";"48.31918697222223";"4.068512";"5284517.0";"Taxus baccata L.";"Taxus";"Taxaceae";"plantnet";"plantnet";"https://identify.plantnet.org/fr/k-southwestern-europe/observations/1007711629";"https://bs.plantnet.org/image/o/127a9c96effc001aa7b56e767772f942dd3a69e7";"train";"https://lab.plantnet.org/LifeCLEF/PlantCLEF2024/single_plant_training_data/PlantCLEF2024singleplanttrainingdata/train/1396710/127a9c96effc001aa7b56e767772f942dd3a69e7.jpg"
"41fa69a9e199ccf967d492cb1d9dd077ef5781fc.jpg";"habit";"1396710";"1007684191";"cc-by-sa";"";"Merlin bloch";"83.0";"43.53833333333333";"-1.4633333333333334";"5284517.0";"Taxus baccata L.";"Taxus";"Taxaceae";"plantnet";"plantnet";"https://identify.plantnet.org/fr/k-southwestern-europe/observations/1007684191";"https://bs.plantnet.org/image/o/41fa69a9e199ccf967d492cb1d9dd077ef5781fc";"train";"https://lab.plantnet.org/LifeCLEF/PlantCLEF2024/single_plant_training_data/PlantCLEF2024singleplanttrainingdata/train/1396710/41fa69a9e199ccf967d492cb1d9dd077ef5781fc.jpg"
"054827d5fb48bdff6def50b13fb69926fea79727.jpg";"leaf";"1396710";"1007610665";"cc-by-sa";"";"Paul Heideman";"";"";"";"5284517.0";"Taxus baccata L.";"Taxus";"Taxaceae";"plantnet";"plantnet";"https://identify.plantnet.org/fr/k-southwestern-europe/observations/1007610665";"https://bs.plantnet.org/image/o/054827d5fb48bdff6def50b13fb69926fea79727";"train";"https://lab.plantnet.org/LifeCLEF/PlantCLEF2024/single_plant_training_data/PlantCLEF2024singleplanttrainingdata/train/1396710/054827d5fb48bdff6def50b13fb69926fea79727.jpg"
"41eb297a8e8689fb623e54bc9068f2cf7e508b0e.jpg";"leaf";"1396710";"1007525376";"cc-by-sa";"";"Tiny Tiny";"223.0";"50.8675";"6.076111111111111";"5284517.0";"Taxus baccata L.";"Taxus";"Taxaceae";"plantnet";"plantnet";"https://identify.plantnet.org/fr/k-southwestern-europe/observations/1007525376";"https://bs.plantnet.org/image/o/41eb297a8e8689fb623e54bc9068f2cf7e508b0e";"train";"https://lab.plantnet.org/LifeCLEF/PlantCLEF2024/single_plant_training_data/PlantCLEF2024singleplanttrainingdata/train/1396710/41eb297a8e8689fb623e54bc9068f2cf7e508b0e.jpg"
"294aa65762011bb75cd93cdedd925253073f12fd.jpg";"leaf";"1396710";"1007518929";"cc-by-sa";"";"Collin Mullet";"283.3909";"40.1079650363";"-83.2654909977";"5284517.0";"Taxus baccata L.";"Taxus";"Taxaceae";"plantnet";"plantnet";"https://identify.plantnet.org/fr/k-southwestern-europe/observations/1007518929";"https://bs.plantnet.org/image/o/294aa65762011bb75cd93cdedd925253073f12fd";"train";"https://lab.plantnet.org/LifeCLEF/PlantCLEF2024/single_plant_training_data/PlantCLEF2024singleplanttrainingdata/train/1396710/294aa65762011bb75cd93cdedd925253073f12fd.jpg"
"ed3b98c28a3bd43495b4d9e4daf594322ba64c70.jpg";"leaf";"1396710";"1007475462";"cc-by-sa";"";"rachel claydon";"";"";"";"5284517.0";"Taxus baccata L.";"Taxus";"Taxaceae";"plantnet";"plantnet";"https://identify.plantnet.org/fr/k-southwestern-europe/observations/1007475462";"https://bs.plantnet.org/image/o/ed3b98c28a3bd43495b4d9e4daf594322ba64c70";"train";"https://lab.plantnet.org/LifeCLEF/PlantCLEF2024/single_plant_training_data/PlantCLEF2024singleplanttrainingdata/train/1396710/ed3b98c28a3bd43495b4d9e4daf594322ba64c70.jpg"
"70b2164693c68413f12d3be48e07e3bc48822408.jpg";"leaf";"1396710";"1007458588";"cc-by-sa";"";"Mendoza Eder";"";"";"";"5284517.0";"Taxus baccata L.";"Taxus";"Taxaceae";"plantnet";"plantnet";"https://identify.plantnet.org/fr/k-southwestern-europe/observations/1007458588";"https://bs.plantnet.org/image/o/70b2164693c68413f12d3be48e07e3bc48822408";"train";"https://lab.plantnet.org/LifeCLEF/PlantCLEF2024/single_plant_training_data/PlantCLEF2024singleplanttrainingdata/train/1396710/70b2164693c68413f12d3be48e07e3bc48822408.jpg"
"6530b5830ef38bfab0989680f544f361a97ac53a.jpg";"leaf";"1396710";"1007441415";"cc-by-sa";"";"Szőllősy Panni";"";"";"";"5284517.0";"Taxus baccata L.";"Taxus";"Taxaceae";"plantnet";"plantnet";"https://identify.plantnet.org/fr/k-southwestern-europe/observations/1007441415";"https://bs.plantnet.org/image/o/6530b5830ef38bfab0989680f544f361a97ac53a";"train";"https://lab.plantnet.org/LifeCLEF/PlantCLEF2024/single_plant_training_data/PlantCLEF2024singleplanttrainingdata/train/1396710/6530b5830ef38bfab0989680f544f361a97ac53a.jpg"
"15104eb8a1c9307526749465895aecff2d329bc2.jpg";"leaf";"1396710";"1007404942";"cc-by-sa";"";"helene beurrier";"111.2819";"49.2428188446";"4.0474680718";"5284517.0";"Taxus baccata L.";"Taxus";"Taxaceae";"plantnet";"plantnet";"https://identify.plantnet.org/fr/k-southwestern-europe/observations/1007404942";"https://bs.plantnet.org/image/o/15104eb8a1c9307526749465895aecff2d329bc2";"train";"https://lab.plantnet.org/LifeCLEF/PlantCLEF2024/single_plant_training_data/PlantCLEF2024singleplanttrainingdata/train/1396710/15104eb8a1c9307526749465895aecff2d329bc2.jpg"
"b12bd5be1804b97043e02defdd71cb5ce45b5b99.jpg";"leaf";"1396710";"1007379208";"cc-by-sa";"";"Liza&David Liza&David";"35.0349";"53.4658210954";"49.9281981012";"5284517.0";"Taxus baccata L.";"Taxus";"Taxaceae";"plantnet";"plantnet";"https://identify.plantnet.org/fr/k-southwestern-europe/observations/1007379208";"https://bs.plantnet.org/image/o/b12bd5be1804b97043e02defdd71cb5ce45b5b99";"train";"https://lab.plantnet.org/LifeCLEF/PlantCLEF2024/single_plant_training_data/PlantCLEF2024singleplanttrainingdata/train/1396710/b12bd5be1804b97043e02defdd71cb5ce45b5b99.jpg"
"baac29d4fef7a31140a7812734988e8f4fdbb5a3.jpg";"leaf";"1396710";"1007370426";"cc-by-sa";"";"zx Wang";"550.1902";"48.0940475692";"11.5291037052";"5284517.0";"Taxus baccata L.";"Taxus";"Taxaceae";"plantnet";"plantnet";"https://identify.plantnet.org/fr/k-southwestern-europe/observations/1007370426";"https://bs.plantnet.org/image/o/baac29d4fef7a31140a7812734988e8f4fdbb5a3";"train";"https://lab.plantnet.org/LifeCLEF/PlantCLEF2024/single_plant_training_data/PlantCLEF2024singleplanttrainingdata/train/1396710/baac29d4fef7a31140a7812734988e8f4fdbb5a3.jpg"
"d1102149c1f5c3638f2f84e4e91c967c7a2a7ef1.jpg";"leaf";"1396710";"1007353510";"cc-by-sa";"";"Wirnshofer Herbert";"70.0";"51.74800319972222";"14.348855099722222";"5284517.0";"Taxus baccata L.";"Taxus";"Taxaceae";"plantnet";"plantnet";"https://identify.plantnet.org/fr/k-southwestern-europe/observations/1007353510";"https://bs.plantnet.org/image/o/d1102149c1f5c3638f2f84e4e91c967c7a2a7ef1";"train";"https://lab.plantnet.org/LifeCLEF/PlantCLEF2024/single_plant_training_data/PlantCLEF2024singleplanttrainingdata/train/1396710/d1102149c1f5c3638f2f84e4e91c967c7a2a7ef1.jpg"
"62284e7874a93990cc8b18cf7592b71c2a9ddcd1.jpg";"flower";"1396710";"1007338405";"cc-by-sa";"";"Sergio Zampa";"154.8289";"46.1254470128";"13.1783617591";"5284517.0";"Taxus baccata L.";"Taxus";"Taxaceae";"plantnet";"plantnet";"https://identify.plantnet.org/fr/k-southwestern-europe/observations/1007338405";"https://bs.plantnet.org/image/o/62284e7874a93990cc8b18cf7592b71c2a9ddcd1";"train";"https://lab.plantnet.org/LifeCLEF/PlantCLEF2024/single_plant_training_data/PlantCLEF2024singleplanttrainingdata/train/1396710/62284e7874a93990cc8b18cf7592b71c2a9ddcd1.jpg"
"49e2e3242a8448abdc9fc8f5a30bd9aae2f586db.jpg";"leaf";"1396710";"1007336433";"cc-by-sa";"";"oloolo888";"179.63";"52.41885";"-1.856825";"5284517.0";"Taxus baccata L.";"Taxus";"Taxaceae";"plantnet";"plantnet";"https://identify.plantnet.org/fr/k-southwestern-europe/observations/1007336433";"https://bs.plantnet.org/image/o/49e2e3242a8448abdc9fc8f5a30bd9aae2f586db";"train";"https://lab.plantnet.org/LifeCLEF/PlantCLEF2024/single_plant_training_data/PlantCLEF2024singleplanttrainingdata/train/1396710/49e2e3242a8448abdc9fc8f5a30bd9aae2f586db.jpg"
"3530be85a233cfac1510e9889c90e2b398618a47.jpg";"leaf";"1396710";"1007291226";"cc-by-sa";"";"eli";"";"";"";"5284517.0";"Taxus baccata L.";"Taxus";"Taxaceae";"plantnet";"plantnet";"https://identify.plantnet.org/fr/k-southwestern-europe/observations/1007291226";"https://bs.plantnet.org/image/o/3530be85a233cfac1510e9889c90e2b398618a47";"train";"https://lab.plantnet.org/LifeCLEF/PlantCLEF2024/single_plant_training_data/PlantCLEF2024singleplanttrainingdata/train/1396710/3530be85a233cfac1510e9889c90e2b398618a47.jpg"
"4c99fe4c331dadfd664ae19247fed0425d9f2360.jpg";"leaf";"1396710";"1007271479";"cc-by-sa";"";"laurence Dumont";"";"";"";"5284517.0";"Taxus baccata L.";"Taxus";"Taxaceae";"plantnet";"plantnet";"https://identify.plantnet.org/fr/k-southwestern-europe/observations/1007271479";"https://bs.plantnet.org/image/o/4c99fe4c331dadfd664ae19247fed0425d9f2360";"train";"https://lab.plantnet.org/LifeCLEF/PlantCLEF2024/single_plant_training_data/PlantCLEF2024singleplanttrainingdata/train/1396710/4c99fe4c331dadfd664ae19247fed0425d9f2360.jpg"
"c7a67be1b295692c337ebf701adaa4d567f8dec5.jpg";"fruit";"1396710";"1007269745";"cc-by-sa";"";"Micha Gie";"32.0";"51.4646143";"6.7767156";"5284517.0";"Taxus baccata L.";"Taxus";"Taxaceae";"plantnet";"plantnet";"https://identify.plantnet.org/fr/k-southwestern-europe/observations/1007269745";"https://bs.plantnet.org/image/o/c7a67be1b295692c337ebf701adaa4d567f8dec5";"train";"https://lab.plantnet.org/LifeCLEF/PlantCLEF2024/single_plant_training_data/PlantCLEF2024singleplanttrainingdata/train/1396710/c7a67be1b295692c337ebf701adaa4d567f8dec5.jpg"
"6ba592bf72300581f8c6b98db98aa55476dbae3f.jpg";"leaf";"1396710";"1007268053";"cc-by-sa";"";"Wilfried Lalik";"";"";"";"5284517.0";"Taxus baccata L.";"Taxus";"Taxaceae";"plantnet";"plantnet";"https://identify.plantnet.org/fr/k-southwestern-europe/observations/1007268053";"https://bs.plantnet.org/image/o/6ba592bf72300581f8c6b98db98aa55476dbae3f";"train";"https://lab.plantnet.org/LifeCLEF/PlantCLEF2024/single_plant_training_data/PlantCLEF2024singleplanttrainingdata/train/1396710/6ba592bf72300581f8c6b98db98aa55476dbae3f.jpg"
"a72282a22a4733890f4833118e738af2bd4a3e40.jpg";"leaf";"1396710";"1007252848";"cc-by-sa";"";"fariap";"940.0";"40.0773081";"-2.2401724";"5284517.0";"Taxus baccata L.";"Taxus";"Taxaceae";"plantnet";"plantnet";"https://identify.plantnet.org/fr/k-southwestern-europe/observations/1007252848";"https://bs.plantnet.org/image/o/a72282a22a4733890f4833118e738af2bd4a3e40";"train";"https://lab.plantnet.org/LifeCLEF/PlantCLEF2024/single_plant_training_data/PlantCLEF2024singleplanttrainingdata/train/1396710/a72282a22a4733890f4833118e738af2bd4a3e40.jpg"
"538a95747ba552a045efe16917b1fcd6970905b9.jpg";"leaf";"1396710";"1004712208";"cc-by-sa";"";"Ruiz Diego";"255.348";"49.409965972222224";"8.718299972222223";"5284517.0";"Taxus baccata L.";"Taxus";"Taxaceae";"plantnet";"plantnet";"https://identify.plantnet.org/fr/k-southwestern-europe/observations/1004712208";"https://bs.plantnet.org/image/o/538a95747ba552a045efe16917b1fcd6970905b9";"train";"https://lab.plantnet.org/LifeCLEF/PlantCLEF2024/single_plant_training_data/PlantCLEF2024singleplanttrainingdata/train/1396710/538a95747ba552a045efe16917b1fcd6970905b9.jpg"
"720b9f1af3490440c52f14aba565491877e15fda.jpg";"leaf";"1396710";"1007232875";"cc-by-sa";"";"Kabilan Nadarajah";"640.49";"46.94286727888888";"7.405461788055556";"5284517.0";"Taxus baccata L.";"Taxus";"Taxaceae";"plantnet";"plantnet";"https://identify.plantnet.org/fr/k-southwestern-europe/observations/1007232875";"https://bs.plantnet.org/image/o/720b9f1af3490440c52f14aba565491877e15fda";"train";"https://lab.plantnet.org/LifeCLEF/PlantCLEF2024/single_plant_training_data/PlantCLEF2024singleplanttrainingdata/train/1396710/720b9f1af3490440c52f14aba565491877e15fda.jpg"
"e592ab588d13645a6c1f93bf848ddc10d93a835e.jpg";"leaf";"1396710";"1007231740";"cc-by-sa";"";"jan hoppe";"19.2437";"52.2359586228";"5.9553230926";"5284517.0";"Taxus baccata L.";"Taxus";"Taxaceae";"plantnet";"plantnet";"https://identify.plantnet.org/fr/k-southwestern-europe/observations/1007231740";"https://bs.plantnet.org/image/o/e592ab588d13645a6c1f93bf848ddc10d93a835e";"train";"https://lab.plantnet.org/LifeCLEF/PlantCLEF2024/single_plant_training_data/PlantCLEF2024singleplanttrainingdata/train/1396710/e592ab588d13645a6c1f93bf848ddc10d93a835e.jpg"
"fb8fa8e5f441231ef6ae47b5966b4004f3e030dd.jpg";"leaf";"1396710";"1007222521";"cc-by-sa";"";"Diana Rajchel";"235.361";"42.24504384";"-85.56905413";"5284517.0";"Taxus baccata L.";"Taxus";"Taxaceae";"plantnet";"plantnet";"https://identify.plantnet.org/fr/k-southwestern-europe/observations/1007222521";"https://bs.plantnet.org/image/o/fb8fa8e5f441231ef6ae47b5966b4004f3e030dd";"train";"https://lab.plantnet.org/LifeCLEF/PlantCLEF2024/single_plant_training_data/PlantCLEF2024singleplanttrainingdata/train/1396710/fb8fa8e5f441231ef6ae47b5966b4004f3e030dd.jpg"
"61fe2b96568224ab48df8f799ba853fab226af33.jpg";"leaf";"1396710";"1007203597";"cc-by-sa";"";"Navas García Susana Navas García";"1128.09";"41.764598846388886";"-2.4756445883333336";"5284517.0";"Taxus baccata L.";"Taxus";"Taxaceae";"plantnet";"plantnet";"https://identify.plantnet.org/fr/k-southwestern-europe/observations/1007203597";"https://bs.plantnet.org/image/o/61fe2b96568224ab48df8f799ba853fab226af33";"train";"https://lab.plantnet.org/LifeCLEF/PlantCLEF2024/single_plant_training_data/PlantCLEF2024singleplanttrainingdata/train/1396710/61fe2b96568224ab48df8f799ba853fab226af33.jpg"
"5f0f39501895a998d0f2619693dc000645d85cb1.jpg";"bark";"1396710";"1007190905";"cc-by-sa";"";"García Estefanía";"";"";"";"5284517.0";"Taxus baccata L.";"Taxus";"Taxaceae";"plantnet";"plantnet";"https://identify.plantnet.org/fr/k-southwestern-europe/observations/1007190905";"https://bs.plantnet.org/image/o/5f0f39501895a998d0f2619693dc000645d85cb1";"train";"https://lab.plantnet.org/LifeCLEF/PlantCLEF2024/single_plant_training_data/PlantCLEF2024singleplanttrainingdata/train/1396710/5f0f39501895a998d0f2619693dc000645d85cb1.jpg"
"50313772ea88800419abdcce269c9e44fd2171ea.jpg";"bark";"1396710";"1007165189";"cc-by-sa";"";"Emma Franklin";"";"";"";"5284517.0";"Taxus baccata L.";"Taxus";"Taxaceae";"plantnet";"plantnet";"https://identify.plantnet.org/fr/k-southwestern-europe/observations/1007165189";"https://bs.plantnet.org/image/o/50313772ea88800419abdcce269c9e44fd2171ea";"train";"https://lab.plantnet.org/LifeCLEF/PlantCLEF2024/single_plant_training_data/PlantCLEF2024singleplanttrainingdata/train/1396710/50313772ea88800419abdcce269c9e44fd2171ea.jpg"
"523a527297891b60eee1699ee9a535cebb174d26.jpg";"leaf";"1396710";"1007137395";"cc-by-sa";"";"Patrick de lagarde";"32.0";"49.44532394388889";"1.0932874677777775";"5284517.0";"Taxus baccata L.";"Taxus";"Taxaceae";"plantnet";"plantnet";"https://identify.plantnet.org/fr/k-southwestern-europe/observations/1007137395";"https://bs.plantnet.org/image/o/523a527297891b60eee1699ee9a535cebb174d26";"train";"https://lab.plantnet.org/LifeCLEF/PlantCLEF2024/single_plant_training_data/PlantCLEF2024singleplanttrainingdata/train/1396710/523a527297891b60eee1699ee9a535cebb174d26.jpg"
"cdf067b8299f27d521e4c8da5a04b746ff3717c6.jpg";"leaf";"1396710";"1007127448";"cc-by-sa";"";"Voltek Voltek";"143.0763";"54.2364872742";"45.0684240735";"5284517.0";"Taxus baccata L.";"Taxus";"Taxaceae";"plantnet";"plantnet";"https://identify.plantnet.org/fr/k-southwestern-europe/observations/1007127448";"https://bs.plantnet.org/image/o/cdf067b8299f27d521e4c8da5a04b746ff3717c6";"train";"https://lab.plantnet.org/LifeCLEF/PlantCLEF2024/single_plant_training_data/PlantCLEF2024singleplanttrainingdata/train/1396710/cdf067b8299f27d521e4c8da5a04b746ff3717c6.jpg"
"bf1e6f2bb83639c8b35d696bf0d28f2abf73a51b.jpg";"leaf";"1396710";"1007115384";"cc-by-sa";"";"Severin Ronald";"192.5907";"51.7860717747";"11.1374398288";"5284517.0";"Taxus baccata L.";"Taxus";"Taxaceae";"plantnet";"plantnet";"https://identify.plantnet.org/fr/k-southwestern-europe/observations/1007115384";"https://bs.plantnet.org/image/o/bf1e6f2bb83639c8b35d696bf0d28f2abf73a51b";"train";"https://lab.plantnet.org/LifeCLEF/PlantCLEF2024/single_plant_training_data/PlantCLEF2024singleplanttrainingdata/train/1396710/bf1e6f2bb83639c8b35d696bf0d28f2abf73a51b.jpg"
"bf3091877b40b83676e36a843df840801ea4c97b.jpg";"leaf";"1396710";"1007105428";"cc-by-sa";"";"cedric carpier";"";"";"";"5284517.0";"Taxus baccata L.";"Taxus";"Taxaceae";"plantnet";"plantnet";"https://identify.plantnet.org/fr/k-southwestern-europe/observations/1007105428";"https://bs.plantnet.org/image/o/bf3091877b40b83676e36a843df840801ea4c97b";"train";"https://lab.plantnet.org/LifeCLEF/PlantCLEF2024/single_plant_training_data/PlantCLEF2024singleplanttrainingdata/train/1396710/bf3091877b40b83676e36a843df840801ea4c97b.jpg"
"5b248b4190c64ad95b95a358067c8fb4810a798e.jpg";"leaf";"1396710";"1007064175";"cc-by-sa";"";"gbab";"212.0";"49.42056213888889";"8.713485583333332";"5284517.0";"Taxus baccata L.";"Taxus";"Taxaceae";"plantnet";"plantnet";"https://identify.plantnet.org/fr/k-southwestern-europe/observations/1007064175";"https://bs.plantnet.org/image/o/5b248b4190c64ad95b95a358067c8fb4810a798e";"train";"https://lab.plantnet.org/LifeCLEF/PlantCLEF2024/single_plant_training_data/PlantCLEF2024singleplanttrainingdata/train/1396710/5b248b4190c64ad95b95a358067c8fb4810a798e.jpg"
"e5fd06f9440aedacc3240a46d03de73cabb49038.jpg";"leaf";"1396710";"1007049798";"cc-by-sa";"";"Рудницька Євгенія";"199.0";"51.27313230555556";"22.506532666666665";"5284517.0";"Taxus baccata L.";"Taxus";"Taxaceae";"plantnet";"plantnet";"https://identify.plantnet.org/fr/k-southwestern-europe/observations/1007049798";"https://bs.plantnet.org/image/o/e5fd06f9440aedacc3240a46d03de73cabb49038";"train";"https://lab.plantnet.org/LifeCLEF/PlantCLEF2024/single_plant_training_data/PlantCLEF2024singleplanttrainingdata/train/1396710/e5fd06f9440aedacc3240a46d03de73cabb49038.jpg"
"f32393f840799d174bd6abdc37de38ca3d543713.jpg";"leaf";"1396710";"1007016323";"cc-by-sa";"";"Adam Danger";"";"";"";"5284517.0";"Taxus baccata L.";"Taxus";"Taxaceae";"plantnet";"plantnet";"https://identify.plantnet.org/fr/k-southwestern-europe/observations/1007016323";"https://bs.plantnet.org/image/o/f32393f840799d174bd6abdc37de38ca3d543713";"train";"https://lab.plantnet.org/LifeCLEF/PlantCLEF2024/single_plant_training_data/PlantCLEF2024singleplanttrainingdata/train/1396710/f32393f840799d174bd6abdc37de38ca3d543713.jpg"
"4fae36c12705f73c9022c2a87a9a41e63487da2d.jpg";"leaf";"1396710";"1006993338";"cc-by-sa";"";"sebastien bigot";"";"";"";"5284517.0";"Taxus baccata L.";"Taxus";"Taxaceae";"plantnet";"plantnet";"https://identify.plantnet.org/fr/k-southwestern-europe/observations/1006993338";"https://bs.plantnet.org/image/o/4fae36c12705f73c9022c2a87a9a41e63487da2d";"train";"https://lab.plantnet.org/LifeCLEF/PlantCLEF2024/single_plant_training_data/PlantCLEF2024singleplanttrainingdata/train/1396710/4fae36c12705f73c9022c2a87a9a41e63487da2d.jpg"
"bff79674525127474cc65d45f68c5f00127ea3f3.jpg";"leaf";"1396710";"1006950942";"cc-by-sa";"";"Birgit Paar";"";"";"";"5284517.0";"Taxus baccata L.";"Taxus";"Taxaceae";"plantnet";"plantnet";"https://identify.plantnet.org/fr/k-southwestern-europe/observations/1006950942";"https://bs.plantnet.org/image/o/bff79674525127474cc65d45f68c5f00127ea3f3";"train";"https://lab.plantnet.org/LifeCLEF/PlantCLEF2024/single_plant_training_data/PlantCLEF2024singleplanttrainingdata/train/1396710/bff79674525127474cc65d45f68c5f00127ea3f3.jpg"
"b3d7eac72c54e2fbcca4b855afe6be5187d75641.jpg";"leaf";"1396710";"1006923280";"cc-by-sa";"";"peter heim";"527.8435";"47.0222054702";"7.4920197297";"5284517.0";"Taxus baccata L.";"Taxus";"Taxaceae";"plantnet";"plantnet";"https://identify.plantnet.org/fr/k-southwestern-europe/observations/1006923280";"https://bs.plantnet.org/image/o/b3d7eac72c54e2fbcca4b855afe6be5187d75641";"train";"https://lab.plantnet.org/LifeCLEF/PlantCLEF2024/single_plant_training_data/PlantCLEF2024singleplanttrainingdata/train/1396710/b3d7eac72c54e2fbcca4b855afe6be5187d75641.jpg"
"32e1a4ef1f4058577d737d01b74ad43ffee9dd1a.jpg";"leaf";"1396710";"1006921956";"cc-by-sa";"";"claude";"233.9527";"47.2601593561";"5.051474994";"5284517.0";"Taxus baccata L.";"Taxus";"Taxaceae";"plantnet";"plantnet";"https://identify.plantnet.org/fr/k-southwestern-europe/observations/1006921956";"https://bs.plantnet.org/image/o/32e1a4ef1f4058577d737d01b74ad43ffee9dd1a";"train";"https://lab.plantnet.org/LifeCLEF/PlantCLEF2024/single_plant_training_data/PlantCLEF2024singleplanttrainingdata/train/1396710/32e1a4ef1f4058577d737d01b74ad43ffee9dd1a.jpg"
"72cef01e765c099a790094d61b118f917ee50827.jpg";"leaf";"1396710";"1006919171";"cc-by-sa";"";"jo vos";"";"";"";"5284517.0";"Taxus baccata L.";"Taxus";"Taxaceae";"plantnet";"plantnet";"https://identify.plantnet.org/fr/k-southwestern-europe/observations/1006919171";"https://bs.plantnet.org/image/o/72cef01e765c099a790094d61b118f917ee50827";"train";"https://lab.plantnet.org/LifeCLEF/PlantCLEF2024/single_plant_training_data/PlantCLEF2024singleplanttrainingdata/train/1396710/72cef01e765c099a790094d61b118f917ee50827.jpg"
"00d042272e83a168d698570a0611827a0d249593.jpg";"leaf";"1396710";"1006898894";"cc-by-sa";"";"Schuller Ton";"";"";"";"5284517.0";"Taxus baccata L.";"Taxus";"Taxaceae";"plantnet";"plantnet";"https://identify.plantnet.org/fr/k-southwestern-europe/observations/1006898894";"https://bs.plantnet.org/image/o/00d042272e83a168d698570a0611827a0d249593";"train";"https://lab.plantnet.org/LifeCLEF/PlantCLEF2024/single_plant_training_data/PlantCLEF2024singleplanttrainingdata/train/1396710/00d042272e83a168d698570a0611827a0d249593.jpg"
"181da8f5a224cd78e63593a80aa05ab7aeef91c7.jpg";"leaf";"1396710";"1006863874";"cc-by-sa";"";"Detlef Detlef Knüttel";"670.0";"47.88507";"10.6287661";"5284517.0";"Taxus baccata L.";"Taxus";"Taxaceae";"plantnet";"plantnet";"https://identify.plantnet.org/fr/k-southwestern-europe/observations/1006863874";"https://bs.plantnet.org/image/o/181da8f5a224cd78e63593a80aa05ab7aeef91c7";"train";"https://lab.plantnet.org/LifeCLEF/PlantCLEF2024/single_plant_training_data/PlantCLEF2024singleplanttrainingdata/train/1396710/181da8f5a224cd78e63593a80aa05ab7aeef91c7.jpg"
"a9381fb43069528640c43d15f268c4743b1d9ad5.jpg";"leaf";"1396710";"1006844389";"cc-by-sa";"";"Katharina Bonnmann";"149.0346";"49.6873958495";"8.611091368";"5284517.0";"Taxus baccata L.";"Taxus";"Taxaceae";"plantnet";"plantnet";"https://identify.plantnet.org/fr/k-southwestern-europe/observations/1006844389";"https://bs.plantnet.org/image/o/a9381fb43069528640c43d15f268c4743b1d9ad5";"train";"https://lab.plantnet.org/LifeCLEF/PlantCLEF2024/single_plant_training_data/PlantCLEF2024singleplanttrainingdata/train/1396710/a9381fb43069528640c43d15f268c4743b1d9ad5.jpg"
"9d6138282ba7c5461575a27fac324f7ae2a39390.jpg";"leaf";"1396710";"1006835393";"cc-by-sa";"";"Ana Parke";"74.46";"47.52479722222222";"-122.33848888888888";"5284517.0";"Taxus baccata L.";"Taxus";"Taxaceae";"plantnet";"plantnet";"https://identify.plantnet.org/fr/k-southwestern-europe/observations/1006835393";"https://bs.plantnet.org/image/o/9d6138282ba7c5461575a27fac324f7ae2a39390";"train";"https://lab.plantnet.org/LifeCLEF/PlantCLEF2024/single_plant_training_data/PlantCLEF2024singleplanttrainingdata/train/1396710/9d6138282ba7c5461575a27fac324f7ae2a39390.jpg"
"7164841d59810628d671c8beb1641a025119d481.jpg";"leaf";"1396710";"1006802914";"cc-by-sa";"";"Maïlys Mallet";"44.0";"47.083683";"-1.27449";"5284517.0";"Taxus baccata L.";"Taxus";"Taxaceae";"plantnet";"plantnet";"https://identify.plantnet.org/fr/k-southwestern-europe/observations/1006802914";"https://bs.plantnet.org/image/o/7164841d59810628d671c8beb1641a025119d481";"train";"https://lab.plantnet.org/LifeCLEF/PlantCLEF2024/single_plant_training_data/PlantCLEF2024singleplanttrainingdata/train/1396710/7164841d59810628d671c8beb1641a025119d481.jpg"
"3b24f4d33d207f21b3e58fac57c00f7e63ed32f6.jpg";"leaf";"1396710";"1006793223";"cc-by-sa";"";"Abby Werling";"232.0";"40.9160266444";"-84.9636378419";"5284517.0";"Taxus baccata L.";"Taxus";"Taxaceae";"plantnet";"plantnet";"https://identify.plantnet.org/fr/k-southwestern-europe/observations/1006793223";"https://bs.plantnet.org/image/o/3b24f4d33d207f21b3e58fac57c00f7e63ed32f6";"train";"https://lab.plantnet.org/LifeCLEF/PlantCLEF2024/single_plant_training_data/PlantCLEF2024singleplanttrainingdata/train/1396710/3b24f4d33d207f21b3e58fac57c00f7e63ed32f6.jpg"
"23977901c9228f4928d7fbe337b95be3d0e1e8bb.jpg";"bark";"1396710";"1006764010";"cc-by-sa";"";"Verreu Toon";"63.6948";"50.82058158";"3.24696842";"5284517.0";"Taxus baccata L.";"Taxus";"Taxaceae";"plantnet";"plantnet";"https://identify.plantnet.org/fr/k-southwestern-europe/observations/1006764010";"https://bs.plantnet.org/image/o/23977901c9228f4928d7fbe337b95be3d0e1e8bb";"train";"https://lab.plantnet.org/LifeCLEF/PlantCLEF2024/single_plant_training_data/PlantCLEF2024singleplanttrainingdata/train/1396710/23977901c9228f4928d7fbe337b95be3d0e1e8bb.jpg"
"f02e0b7ac30fda239d9d3549aa4f533f7daa0e62.jpg";"leaf";"1396710";"1006754437";"cc-by-sa";"";"Rory O'Conor";"189.0";"53.9781904";"-1.71503";"5284517.0";"Taxus baccata L.";"Taxus";"Taxaceae";"plantnet";"plantnet";"https://identify.plantnet.org/fr/k-southwestern-europe/observations/1006754437";"https://bs.plantnet.org/image/o/f02e0b7ac30fda239d9d3549aa4f533f7daa0e62";"train";"https://lab.plantnet.org/LifeCLEF/PlantCLEF2024/single_plant_training_data/PlantCLEF2024singleplanttrainingdata/train/1396710/f02e0b7ac30fda239d9d3549aa4f533f7daa0e62.jpg"
"2e0a827e0428e8adc85fe79ced28b18b8917e1e9.jpg";"leaf";"1396710";"1006740963";"cc-by-sa";"";"Severin Ronald";"520.8033";"48.3887767771";"9.9925634453";"5284517.0";"Taxus baccata L.";"Taxus";"Taxaceae";"plantnet";"plantnet";"https://identify.plantnet.org/fr/k-southwestern-europe/observations/1006740963";"https://bs.plantnet.org/image/o/2e0a827e0428e8adc85fe79ced28b18b8917e1e9";"train";"https://lab.plantnet.org/LifeCLEF/PlantCLEF2024/single_plant_training_data/PlantCLEF2024singleplanttrainingdata/train/1396710/2e0a827e0428e8adc85fe79ced28b18b8917e1e9.jpg"
"c353ab4e1528d321864a440508bbcc9352234025.jpg";"leaf";"1396710";"1006729740";"cc-by-sa";"";"Ewelina Kwapińska";"";"";"";"5284517.0";"Taxus baccata L.";"Taxus";"Taxaceae";"plantnet";"plantnet";"https://identify.plantnet.org/fr/k-southwestern-europe/observations/1006729740";"https://bs.plantnet.org/image/o/c353ab4e1528d321864a440508bbcc9352234025";"train";"https://lab.plantnet.org/LifeCLEF/PlantCLEF2024/single_plant_training_data/PlantCLEF2024singleplanttrainingdata/train/1396710/c353ab4e1528d321864a440508bbcc9352234025.jpg"
"b2ec99c3ad6b463f2086ab27b759fa573318082b.jpg";"bark";"1396710";"1006540097";"cc-by-sa";"";"luciano scalco";"191.0";"45.7156747";"11.3704858";"5284517.0";"Taxus baccata L.";"Taxus";"Taxaceae";"plantnet";"plantnet";"https://identify.plantnet.org/fr/k-southwestern-europe/observations/1006540097";"https://bs.plantnet.org/image/o/b2ec99c3ad6b463f2086ab27b759fa573318082b";"train";"https://lab.plantnet.org/LifeCLEF/PlantCLEF2024/single_plant_training_data/PlantCLEF2024singleplanttrainingdata/train/1396710/b2ec99c3ad6b463f2086ab27b759fa573318082b.jpg"
"659b2379c8e5dbcac77d11da3391a7ca9ee797ee.jpg";"fruit";"1396710";"1006477000";"cc-by-sa";"";"Pl@ntNet";"";"";"";"5284517.0";"Taxus baccata L.";"Taxus";"Taxaceae";"plantnet";"plantnet";"https://identify.plantnet.org/fr/k-southwestern-europe/observations/1006477000";"https://bs.plantnet.org/image/o/659b2379c8e5dbcac77d11da3391a7ca9ee797ee";"train";"https://lab.plantnet.org/LifeCLEF/PlantCLEF2024/single_plant_training_data/PlantCLEF2024singleplanttrainingdata/train/1396710/659b2379c8e5dbcac77d11da3391a7ca9ee797ee.jpg"
"e0af423da2c2c39ba0214bd8d3b0649a9f0c31ee.jpg";"flower";"1396710";"1006420630";"cc-by-sa";"";"franck Lavaux";"252.0";"48.73168055555556";"6.155775";"5284517.0";"Taxus baccata L.";"Taxus";"Taxaceae";"plantnet";"plantnet";"https://identify.plantnet.org/fr/k-southwestern-europe/observations/1006420630";"https://bs.plantnet.org/image/o/e0af423da2c2c39ba0214bd8d3b0649a9f0c31ee";"train";"https://lab.plantnet.org/LifeCLEF/PlantCLEF2024/single_plant_training_data/PlantCLEF2024singleplanttrainingdata/train/1396710/e0af423da2c2c39ba0214bd8d3b0649a9f0c31ee.jpg"
"90fe1298dcf72487fdad2389b7ab2d9b5770c08f.jpg";"flower";"1396710";"1006090708";"cc-by-sa";"";"Vincent Morren";"106.4381";"50.9676608776";"4.9385340455";"5284517.0";"Taxus baccata L.";"Taxus";"Taxaceae";"plantnet";"plantnet";"https://identify.plantnet.org/fr/k-southwestern-europe/observations/1006090708";"https://bs.plantnet.org/image/o/90fe1298dcf72487fdad2389b7ab2d9b5770c08f";"train";"https://lab.plantnet.org/LifeCLEF/PlantCLEF2024/single_plant_training_data/PlantCLEF2024singleplanttrainingdata/train/1396710/90fe1298dcf72487fdad2389b7ab2d9b5770c08f.jpg"
"8c0cb6911e2c63cf38f2976eb5e1d73d60a37621.jpg";"fruit";"1396710";"1005639738";"cc-by-sa";"";"valvasori chris";"75.7";"46.0121366667";"12.615855";"5284517.0";"Taxus baccata L.";"Taxus";"Taxaceae";"plantnet";"plantnet";"https://identify.plantnet.org/fr/k-southwestern-europe/observations/1005639738";"https://bs.plantnet.org/image/o/8c0cb6911e2c63cf38f2976eb5e1d73d60a37621";"train";"https://lab.plantnet.org/LifeCLEF/PlantCLEF2024/single_plant_training_data/PlantCLEF2024singleplanttrainingdata/train/1396710/8c0cb6911e2c63cf38f2976eb5e1d73d60a37621.jpg"
"0defd3cdba214e4864a9b3bd8d3126e112666ac2.jpg";"habit";"1396710";"1005569689";"cc-by-sa";"";"Frank Schäfer";"236.1766";"51.2953161234";"14.8267624211";"5284517.0";"Taxus baccata L.";"Taxus";"Taxaceae";"plantnet";"plantnet";"https://identify.plantnet.org/fr/k-southwestern-europe/observations/1005569689";"https://bs.plantnet.org/image/o/0defd3cdba214e4864a9b3bd8d3126e112666ac2";"train";"https://lab.plantnet.org/LifeCLEF/PlantCLEF2024/single_plant_training_data/PlantCLEF2024singleplanttrainingdata/train/1396710/0defd3cdba214e4864a9b3bd8d3126e112666ac2.jpg"
"825d10132ae860b4f4f7e930759873b02a808118.jpg";"bark";"1396710";"1005500965";"cc-by-sa";"";"Poblocki Nat";"598.1203";"47.5056934419";"8.8592471695";"5284517.0";"Taxus baccata L.";"Taxus";"Taxaceae";"plantnet";"plantnet";"https://identify.plantnet.org/fr/k-southwestern-europe/observations/1005500965";"https://bs.plantnet.org/image/o/825d10132ae860b4f4f7e930759873b02a808118";"train";"https://lab.plantnet.org/LifeCLEF/PlantCLEF2024/single_plant_training_data/PlantCLEF2024singleplanttrainingdata/train/1396710/825d10132ae860b4f4f7e930759873b02a808118.jpg"
"116d5dad204c2b445883c8924f58b911d5fc8d4e.jpg";"fruit";"1396710";"1005460999";"cc-by-sa";"";"yann Coudron";"76.0";"48.6306282";"-2.00986821";"5284517.0";"Taxus baccata L.";"Taxus";"Taxaceae";"plantnet";"plantnet";"https://identify.plantnet.org/fr/k-southwestern-europe/observations/1005460999";"https://bs.plantnet.org/image/o/116d5dad204c2b445883c8924f58b911d5fc8d4e";"train";"https://lab.plantnet.org/LifeCLEF/PlantCLEF2024/single_plant_training_data/PlantCLEF2024singleplanttrainingdata/train/1396710/116d5dad204c2b445883c8924f58b911d5fc8d4e.jpg"
"e0d5d9dd9c0d5914b993f8e091d08d73cb47b8a6.jpg";"bark";"1396710";"1005460775";"cc-by-sa";"";"yous_tine";"99.8471";"45.697474571";"-0.3240530689";"5284517.0";"Taxus baccata L.";"Taxus";"Taxaceae";"plantnet";"plantnet";"https://identify.plantnet.org/fr/k-southwestern-europe/observations/1005460775";"https://bs.plantnet.org/image/o/e0d5d9dd9c0d5914b993f8e091d08d73cb47b8a6";"train";"https://lab.plantnet.org/LifeCLEF/PlantCLEF2024/single_plant_training_data/PlantCLEF2024singleplanttrainingdata/train/1396710/e0d5d9dd9c0d5914b993f8e091d08d73cb47b8a6.jpg"
"72d0a7e016bfd6f30bce1d0945987ae29338ac5d.jpg";"fruit";"1396710";"1005410623";"cc-by-sa";"";"Charles Magnette";"396.2166";"49.6645622037";"5.598297368";"5284517.0";"Taxus baccata L.";"Taxus";"Taxaceae";"plantnet";"plantnet";"https://identify.plantnet.org/fr/k-southwestern-europe/observations/1005410623";"https://bs.plantnet.org/image/o/72d0a7e016bfd6f30bce1d0945987ae29338ac5d";"train";"https://lab.plantnet.org/LifeCLEF/PlantCLEF2024/single_plant_training_data/PlantCLEF2024singleplanttrainingdata/train/1396710/72d0a7e016bfd6f30bce1d0945987ae29338ac5d.jpg"
"3fc65e7531a9a31bac189e51ebeda938ffb3be3e.jpg";"flower";"1396710";"1005310034";"cc-by-sa";"";"Alain R";"";"";"";"5284517.0";"Taxus baccata L.";"Taxus";"Taxaceae";"plantnet";"plantnet";"https://identify.plantnet.org/fr/k-southwestern-europe/observations/1005310034";"https://bs.plantnet.org/image/o/3fc65e7531a9a31bac189e51ebeda938ffb3be3e";"train";"https://lab.plantnet.org/LifeCLEF/PlantCLEF2024/single_plant_training_data/PlantCLEF2024singleplanttrainingdata/train/1396710/3fc65e7531a9a31bac189e51ebeda938ffb3be3e.jpg"
"b28408a9a5da90b25ffb843a8f60513f087b0a64.jpg";"fruit";"1396710";"1005303368";"cc-by-sa";"";"Esmeralda Guilherme";"";"";"";"5284517.0";"Taxus baccata L.";"Taxus";"Taxaceae";"plantnet";"plantnet";"https://identify.plantnet.org/fr/k-southwestern-europe/observations/1005303368";"https://bs.plantnet.org/image/o/b28408a9a5da90b25ffb843a8f60513f087b0a64";"train";"https://lab.plantnet.org/LifeCLEF/PlantCLEF2024/single_plant_training_data/PlantCLEF2024singleplanttrainingdata/train/1396710/b28408a9a5da90b25ffb843a8f60513f087b0a64.jpg"
"b47f711ceb96253dd93c9a3a4481a1a1ff153590.jpg";"fruit";"1396710";"1005263719";"cc-by-sa";"";"kepherw";"157.0";"45.447222222222216";"9.175277777777778";"5284517.0";"Taxus baccata L.";"Taxus";"Taxaceae";"plantnet";"plantnet";"https://identify.plantnet.org/fr/k-southwestern-europe/observations/1005263719";"https://bs.plantnet.org/image/o/b47f711ceb96253dd93c9a3a4481a1a1ff153590";"train";"https://lab.plantnet.org/LifeCLEF/PlantCLEF2024/single_plant_training_data/PlantCLEF2024singleplanttrainingdata/train/1396710/b47f711ceb96253dd93c9a3a4481a1a1ff153590.jpg"
"1f537e8b9f2e05ee42c291ca853359be76b5f462.jpg";"bark";"1396710";"1005162408";"cc-by-sa";"";"Gómez Pedro";"706.0";"40.42218422982842";"-3.6610264610499135";"5284517.0";"Taxus baccata L.";"Taxus";"Taxaceae";"plantnet";"plantnet";"https://identify.plantnet.org/fr/k-southwestern-europe/observations/1005162408";"https://bs.plantnet.org/image/o/1f537e8b9f2e05ee42c291ca853359be76b5f462";"train";"https://lab.plantnet.org/LifeCLEF/PlantCLEF2024/single_plant_training_data/PlantCLEF2024singleplanttrainingdata/train/1396710/1f537e8b9f2e05ee42c291ca853359be76b5f462.jpg"
"d6c65db236c927117a9f9927dca2474749c7acc4.jpg";"fruit";"1396710";"1005160546";"cc-by-sa";"";"paoladt paoladt";"160.3";"45.45912551861112";"9.198594093055556";"5284517.0";"Taxus baccata L.";"Taxus";"Taxaceae";"plantnet";"plantnet";"https://identify.plantnet.org/fr/k-southwestern-europe/observations/1005160546";"https://bs.plantnet.org/image/o/d6c65db236c927117a9f9927dca2474749c7acc4";"train";"https://lab.plantnet.org/LifeCLEF/PlantCLEF2024/single_plant_training_data/PlantCLEF2024singleplanttrainingdata/train/1396710/d6c65db236c927117a9f9927dca2474749c7acc4.jpg"
"ab7b5a29c6e8e6ff7378f6edb969c0ef13a8fad5.jpg";"fruit";"1396710";"1005154054";"cc-by-sa";"";"logrodiego";"";"";"";"5284517.0";"Taxus baccata L.";"Taxus";"Taxaceae";"plantnet";"plantnet";"https://identify.plantnet.org/fr/k-southwestern-europe/observations/1005154054";"https://bs.plantnet.org/image/o/ab7b5a29c6e8e6ff7378f6edb969c0ef13a8fad5";"train";"https://lab.plantnet.org/LifeCLEF/PlantCLEF2024/single_plant_training_data/PlantCLEF2024singleplanttrainingdata/train/1396710/ab7b5a29c6e8e6ff7378f6edb969c0ef13a8fad5.jpg"
"d5f6dfade4a751eb462b6c2120c8911a79288f2c.jpg";"fruit";"1396710";"1005153980";"cc-by-sa";"";"Nadine Lufft";"384.808";"48.79006461393357";"9.16113232091144";"5284517.0";"Taxus baccata L.";"Taxus";"Taxaceae";"plantnet";"plantnet";"https://identify.plantnet.org/fr/k-southwestern-europe/observations/1005153980";"https://bs.plantnet.org/image/o/d5f6dfade4a751eb462b6c2120c8911a79288f2c";"train";"https://lab.plantnet.org/LifeCLEF/PlantCLEF2024/single_plant_training_data/PlantCLEF2024singleplanttrainingdata/train/1396710/d5f6dfade4a751eb462b6c2120c8911a79288f2c.jpg"
"fe24546be4f34291406299bba02eb44422ffb2a9.jpg";"fruit";"1396710";"1005149909";"cc-by-sa";"";"rubbi melissa";"45.2281";"43.91260101494483";"12.877714324455043";"5284517.0";"Taxus baccata L.";"Taxus";"Taxaceae";"plantnet";"plantnet";"https://identify.plantnet.org/fr/k-southwestern-europe/observations/1005149909";"https://bs.plantnet.org/image/o/fe24546be4f34291406299bba02eb44422ffb2a9";"train";"https://lab.plantnet.org/LifeCLEF/PlantCLEF2024/single_plant_training_data/PlantCLEF2024singleplanttrainingdata/train/1396710/fe24546be4f34291406299bba02eb44422ffb2a9.jpg"
"52f24f444b8760f866b3f0b0dcdf9e97235634fb.jpg";"fruit";"1396710";"1005133002";"cc-by-sa";"";"Pierre LABATUT";"185.0";"48.78230277777778";"2.194867222222222";"5284517.0";"Taxus baccata L.";"Taxus";"Taxaceae";"plantnet";"plantnet";"https://identify.plantnet.org/fr/k-southwestern-europe/observations/1005133002";"https://bs.plantnet.org/image/o/52f24f444b8760f866b3f0b0dcdf9e97235634fb";"train";"https://lab.plantnet.org/LifeCLEF/PlantCLEF2024/single_plant_training_data/PlantCLEF2024singleplanttrainingdata/train/1396710/52f24f444b8760f866b3f0b0dcdf9e97235634fb.jpg"
"44718b820d6c133e52a9529aacaddb6b04ea1fb3.jpg";"fruit";"1396710";"1005129035";"cc-by-sa";"";"Fabrice Mélet";"";"";"";"5284517.0";"Taxus baccata L.";"Taxus";"Taxaceae";"plantnet";"plantnet";"https://identify.plantnet.org/fr/k-southwestern-europe/observations/1005129035";"https://bs.plantnet.org/image/o/44718b820d6c133e52a9529aacaddb6b04ea1fb3";"train";"https://lab.plantnet.org/LifeCLEF/PlantCLEF2024/single_plant_training_data/PlantCLEF2024singleplanttrainingdata/train/1396710/44718b820d6c133e52a9529aacaddb6b04ea1fb3.jpg"
"61aabb5737ec6d4e24400a900104590dd039541d.jpg";"fruit";"1396710";"1005122231";"cc-by-sa";"";"Alain de Rotrou";"124.898";"43.899785";"10.557896666666668";"5284517.0";"Taxus baccata L.";"Taxus";"Taxaceae";"plantnet";"plantnet";"https://identify.plantnet.org/fr/k-southwestern-europe/observations/1005122231";"https://bs.plantnet.org/image/o/61aabb5737ec6d4e24400a900104590dd039541d";"train";"https://lab.plantnet.org/LifeCLEF/PlantCLEF2024/single_plant_training_data/PlantCLEF2024singleplanttrainingdata/train/1396710/61aabb5737ec6d4e24400a900104590dd039541d.jpg"
"f41bf36258fa9ab71a909f9310fff5a5f905b70e.jpg";"fruit";"1396710";"1005111212";"cc-by-sa";"";"marianoju";"";"";"";"5284517.0";"Taxus baccata L.";"Taxus";"Taxaceae";"plantnet";"plantnet";"https://identify.plantnet.org/fr/k-southwestern-europe/observations/1005111212";"https://bs.plantnet.org/image/o/f41bf36258fa9ab71a909f9310fff5a5f905b70e";"train";"https://lab.plantnet.org/LifeCLEF/PlantCLEF2024/single_plant_training_data/PlantCLEF2024singleplanttrainingdata/train/1396710/f41bf36258fa9ab71a909f9310fff5a5f905b70e.jpg"
"2244362299ce3574f178410dc8876f76e8298dbd.jpg";"fruit";"1396710";"1005104141";"cc-by-sa";"";"Báez antonia";"";"";"";"5284517.0";"Taxus baccata L.";"Taxus";"Taxaceae";"plantnet";"plantnet";"https://identify.plantnet.org/fr/k-southwestern-europe/observations/1005104141";"https://bs.plantnet.org/image/o/2244362299ce3574f178410dc8876f76e8298dbd";"train";"https://lab.plantnet.org/LifeCLEF/PlantCLEF2024/single_plant_training_data/PlantCLEF2024singleplanttrainingdata/train/1396710/2244362299ce3574f178410dc8876f76e8298dbd.jpg"
"65abea04ba156a017f731038f7ac535d952d5f49.jpg";"bark";"1396710";"1005100898";"cc-by-sa";"";"loan Houazene";"404.0";"49.717777777777776";"5.315277777777777";"5284517.0";"Taxus baccata L.";"Taxus";"Taxaceae";"plantnet";"plantnet";"https://identify.plantnet.org/fr/k-southwestern-europe/observations/1005100898";"https://bs.plantnet.org/image/o/65abea04ba156a017f731038f7ac535d952d5f49";"train";"https://lab.plantnet.org/LifeCLEF/PlantCLEF2024/single_plant_training_data/PlantCLEF2024singleplanttrainingdata/train/1396710/65abea04ba156a017f731038f7ac535d952d5f49.jpg"
"fef048b47bcc9140646d38eaca1f08241e3f0b7d.jpg";"fruit";"1396710";"1005087243";"cc-by-sa";"";"Denis Moulin";"32.0";"48.83722222222222";"2.3741666666666665";"5284517.0";"Taxus baccata L.";"Taxus";"Taxaceae";"plantnet";"plantnet";"https://identify.plantnet.org/fr/k-southwestern-europe/observations/1005087243";"https://bs.plantnet.org/image/o/fef048b47bcc9140646d38eaca1f08241e3f0b7d";"train";"https://lab.plantnet.org/LifeCLEF/PlantCLEF2024/single_plant_training_data/PlantCLEF2024singleplanttrainingdata/train/1396710/fef048b47bcc9140646d38eaca1f08241e3f0b7d.jpg"
"fcf6144f122227b3b105bc846cceba33c12c1b38.jpg";"fruit";"1396710";"1005072627";"cc-by-sa";"";"Damian Paweska";"173.0";"51.11222222222222";"16.951666666666664";"5284517.0";"Taxus baccata L.";"Taxus";"Taxaceae";"plantnet";"plantnet";"https://identify.plantnet.org/fr/k-southwestern-europe/observations/1005072627";"https://bs.plantnet.org/image/o/fcf6144f122227b3b105bc846cceba33c12c1b38";"train";"https://lab.plantnet.org/LifeCLEF/PlantCLEF2024/single_plant_training_data/PlantCLEF2024singleplanttrainingdata/train/1396710/fcf6144f122227b3b105bc846cceba33c12c1b38.jpg"
"fe5167752ab737701b5093cc6960d711ea72c1fd.jpg";"fruit";"1396710";"1005056055";"cc-by-sa";"";"honzafm";"308.624";"50.055826027777776";"14.502199305555555";"5284517.0";"Taxus baccata L.";"Taxus";"Taxaceae";"plantnet";"plantnet";"https://identify.plantnet.org/fr/k-southwestern-europe/observations/1005056055";"https://bs.plantnet.org/image/o/fe5167752ab737701b5093cc6960d711ea72c1fd";"train";"https://lab.plantnet.org/LifeCLEF/PlantCLEF2024/single_plant_training_data/PlantCLEF2024singleplanttrainingdata/train/1396710/fe5167752ab737701b5093cc6960d711ea72c1fd.jpg"
"1b20e605689d39d520b90fcbba5955eb3ee0b54d.jpg";"flower";"1396710";"1005048648";"cc-by-sa";"";"Hass Kevin";"72.0";"52.73298950304899";"13.489913392799082";"5284517.0";"Taxus baccata L.";"Taxus";"Taxaceae";"plantnet";"plantnet";"https://identify.plantnet.org/fr/k-southwestern-europe/observations/1005048648";"https://bs.plantnet.org/image/o/1b20e605689d39d520b90fcbba5955eb3ee0b54d";"train";"https://lab.plantnet.org/LifeCLEF/PlantCLEF2024/single_plant_training_data/PlantCLEF2024singleplanttrainingdata/train/1396710/1b20e605689d39d520b90fcbba5955eb3ee0b54d.jpg"
"452855406bb8ab5b823937b2d8128e272cca5272.jpg";"fruit";"1396710";"1005039074";"cc-by-sa";"";"leandro leandro";"";"";"";"5284517.0";"Taxus baccata L.";"Taxus";"Taxaceae";"plantnet";"plantnet";"https://identify.plantnet.org/fr/k-southwestern-europe/observations/1005039074";"https://bs.plantnet.org/image/o/452855406bb8ab5b823937b2d8128e272cca5272";"train";"https://lab.plantnet.org/LifeCLEF/PlantCLEF2024/single_plant_training_data/PlantCLEF2024singleplanttrainingdata/train/1396710/452855406bb8ab5b823937b2d8128e272cca5272.jpg"
"4a5bb021a1285337447fa5c02805c97963dc30e7.jpg";"fruit";"1396710";"1005036503";"cc-by-sa";"";"Giordani Gianmarco";"";"";"";"5284517.0";"Taxus baccata L.";"Taxus";"Taxaceae";"plantnet";"plantnet";"https://identify.plantnet.org/fr/k-southwestern-europe/observations/1005036503";"https://bs.plantnet.org/image/o/4a5bb021a1285337447fa5c02805c97963dc30e7";"train";"https://lab.plantnet.org/LifeCLEF/PlantCLEF2024/single_plant_training_data/PlantCLEF2024singleplanttrainingdata/train/1396710/4a5bb021a1285337447fa5c02805c97963dc30e7.jpg"
"93c5c9c86c29a49f9b56de03ba7612f1f2094f51.jpg";"bark";"1396710";"1005035973";"cc-by-sa";"";"Caterina";"";"";"";"5284517.0";"Taxus baccata L.";"Taxus";"Taxaceae";"plantnet";"plantnet";"https://identify.plantnet.org/fr/k-southwestern-europe/observations/1005035973";"https://bs.plantnet.org/image/o/93c5c9c86c29a49f9b56de03ba7612f1f2094f51";"train";"https://lab.plantnet.org/LifeCLEF/PlantCLEF2024/single_plant_training_data/PlantCLEF2024singleplanttrainingdata/train/1396710/93c5c9c86c29a49f9b56de03ba7612f1f2094f51.jpg"
"746e5a99158f18e9397f209d7c12715050949507.jpg";"bark";"1396710";"1005029193";"cc-by-sa";"";"panda alberto";"64.3403";"51.10378360339828";"2.6093259959816466";"5284517.0";"Taxus baccata L.";"Taxus";"Taxaceae";"plantnet";"plantnet";"https://identify.plantnet.org/fr/k-southwestern-europe/observations/1005029193";"https://bs.plantnet.org/image/o/746e5a99158f18e9397f209d7c12715050949507";"train";"https://lab.plantnet.org/LifeCLEF/PlantCLEF2024/single_plant_training_data/PlantCLEF2024singleplanttrainingdata/train/1396710/746e5a99158f18e9397f209d7c12715050949507.jpg"
"19ac904cea8a0301c38365a5e1ca35766587f565.jpg";"fruit";"1396710";"1005026160";"cc-by-sa";"";"Sinan Avcı";"1032.0";"39.88055555555555";"32.71361111111111";"5284517.0";"Taxus baccata L.";"Taxus";"Taxaceae";"plantnet";"plantnet";"https://identify.plantnet.org/fr/k-southwestern-europe/observations/1005026160";"https://bs.plantnet.org/image/o/19ac904cea8a0301c38365a5e1ca35766587f565";"train";"https://lab.plantnet.org/LifeCLEF/PlantCLEF2024/single_plant_training_data/PlantCLEF2024singleplanttrainingdata/train/1396710/19ac904cea8a0301c38365a5e1ca35766587f565.jpg"
"f9bd14a28824d7228d9e186026fe99df66a10d49.jpg";"fruit";"1396710";"1005017984";"cc-by-sa";"";"garden fool";"41.259";"39.59265504188661";"-74.97937995103776";"5284517.0";"Taxus baccata L.";"Taxus";"Taxaceae";"plantnet";"plantnet";"https://identify.plantnet.org/fr/k-southwestern-europe/observations/1005017984";"https://bs.plantnet.org/image/o/f9bd14a28824d7228d9e186026fe99df66a10d49";"train";"https://lab.plantnet.org/LifeCLEF/PlantCLEF2024/single_plant_training_data/PlantCLEF2024singleplanttrainingdata/train/1396710/f9bd14a28824d7228d9e186026fe99df66a10d49.jpg"
"5a16415ed4f569f82e33402d6ae9b18339d0e930.jpg";"fruit";"1396710";"1005016533";"cc-by-sa";"";"Monika Hartensuer";"593.2534";"48.50825038292825";"8.366751501599888";"5284517.0";"Taxus baccata L.";"Taxus";"Taxaceae";"plantnet";"plantnet";"https://identify.plantnet.org/fr/k-southwestern-europe/observations/1005016533";"https://bs.plantnet.org/image/o/5a16415ed4f569f82e33402d6ae9b18339d0e930";"train";"https://lab.plantnet.org/LifeCLEF/PlantCLEF2024/single_plant_training_data/PlantCLEF2024singleplanttrainingdata/train/1396710/5a16415ed4f569f82e33402d6ae9b18339d0e930.jpg"
"74be0385ab637229d8174f185148bd9abb096715.jpg";"habit";"1396710";"1004990328";"cc-by-sa";"";"Navarro Patricia";"2595.9688";"19.25978325";"-99.58774688";"5284517.0";"Taxus baccata L.";"Taxus";"Taxaceae";"plantnet";"plantnet";"https://identify.plantnet.org/fr/k-southwestern-europe/observations/1004990328";"https://bs.plantnet.org/image/o/74be0385ab637229d8174f185148bd9abb096715";"train";"https://lab.plantnet.org/LifeCLEF/PlantCLEF2024/single_plant_training_data/PlantCLEF2024singleplanttrainingdata/train/1396710/74be0385ab637229d8174f185148bd9abb096715.jpg"
"7109d214e69f4cc0cb1028561481892e508d2d00.jpg";"fruit";"1396710";"1004984002";"cc-by-sa";"";"Heidi Kingery";"";"";"";"5284517.0";"Taxus baccata L.";"Taxus";"Taxaceae";"plantnet";"plantnet";"https://identify.plantnet.org/fr/k-southwestern-europe/observations/1004984002";"https://bs.plantnet.org/image/o/7109d214e69f4cc0cb1028561481892e508d2d00";"train";"https://lab.plantnet.org/LifeCLEF/PlantCLEF2024/single_plant_training_data/PlantCLEF2024singleplanttrainingdata/train/1396710/7109d214e69f4cc0cb1028561481892e508d2d00.jpg"
"ff137e86ae5e3d92c2a46ff4494e9cc6e7368ecc.jpg";"fruit";"1396710";"1004980388";"cc-by-sa";"";"Sanchez Pilar";"192.0";"43.66157761774957";"1.4713944867253304";"5284517.0";"Taxus baccata L.";"Taxus";"Taxaceae";"plantnet";"plantnet";"https://identify.plantnet.org/fr/k-southwestern-europe/observations/1004980388";"https://bs.plantnet.org/image/o/ff137e86ae5e3d92c2a46ff4494e9cc6e7368ecc";"train";"https://lab.plantnet.org/LifeCLEF/PlantCLEF2024/single_plant_training_data/PlantCLEF2024singleplanttrainingdata/train/1396710/ff137e86ae5e3d92c2a46ff4494e9cc6e7368ecc.jpg"
"d64d6b7e32c7252f3a54ac85491eef0b1ec95e22.jpg";"fruit";"1396710";"1004955963";"cc-by-sa";"";"ERIC LE FALHER";"26.6506";"48.91451927745676";"2.220338659265052";"5284517.0";"Taxus baccata L.";"Taxus";"Taxaceae";"plantnet";"plantnet";"https://identify.plantnet.org/fr/k-southwestern-europe/observations/1004955963";"https://bs.plantnet.org/image/o/d64d6b7e32c7252f3a54ac85491eef0b1ec95e22";"train";"https://lab.plantnet.org/LifeCLEF/PlantCLEF2024/single_plant_training_data/PlantCLEF2024singleplanttrainingdata/train/1396710/d64d6b7e32c7252f3a54ac85491eef0b1ec95e22.jpg"
"e69970dfbaa08e86495996e27129abe5ca1ba1d5.jpg";"flower";"1396710";"1004954078";"cc-by-sa";"";"Friedhelm Brösecke";"111.0";"51.141666666666666";"6.555555555555555";"5284517.0";"Taxus baccata L.";"Taxus";"Taxaceae";"plantnet";"plantnet";"https://identify.plantnet.org/fr/k-southwestern-europe/observations/1004954078";"https://bs.plantnet.org/image/o/e69970dfbaa08e86495996e27129abe5ca1ba1d5";"train";"https://lab.plantnet.org/LifeCLEF/PlantCLEF2024/single_plant_training_data/PlantCLEF2024singleplanttrainingdata/train/1396710/e69970dfbaa08e86495996e27129abe5ca1ba1d5.jpg"
"020028afd0256e9f4522e3a33a6c6ecd6f5b1713.jpg";"fruit";"1396710";"1004951912";"cc-by-sa";"";"Patrizia Perucca";"270.0";"47.55938719444444";"7.582589138888888";"5284517.0";"Taxus baccata L.";"Taxus";"Taxaceae";"plantnet";"plantnet";"https://identify.plantnet.org/fr/k-southwestern-europe/observations/1004951912";"https://bs.plantnet.org/image/o/020028afd0256e9f4522e3a33a6c6ecd6f5b1713";"train";"https://lab.plantnet.org/LifeCLEF/PlantCLEF2024/single_plant_training_data/PlantCLEF2024singleplanttrainingdata/train/1396710/020028afd0256e9f4522e3a33a6c6ecd6f5b1713.jpg"
"208aac102403f4b9970bcd2f71056874ab67a4ed.jpg";"fruit";"1396710";"1004930483";"cc-by-sa";"";"some1ne";"";"";"";"5284517.0";"Taxus baccata L.";"Taxus";"Taxaceae";"plantnet";"plantnet";"https://identify.plantnet.org/fr/k-southwestern-europe/observations/1004930483";"https://bs.plantnet.org/image/o/208aac102403f4b9970bcd2f71056874ab67a4ed";"train";"https://lab.plantnet.org/LifeCLEF/PlantCLEF2024/single_plant_training_data/PlantCLEF2024singleplanttrainingdata/train/1396710/208aac102403f4b9970bcd2f71056874ab67a4ed.jpg"
"153f44417762289e5859b2ffacebbfc034751d19.jpg";"fruit";"1396710";"1004906357";"cc-by-sa";"";"Pl@ntNet";"";"";"";"5284517.0";"Taxus baccata L.";"Taxus";"Taxaceae";"plantnet";"plantnet";"https://identify.plantnet.org/fr/k-southwestern-europe/observations/1004906357";"https://bs.plantnet.org/image/o/153f44417762289e5859b2ffacebbfc034751d19";"train";"https://lab.plantnet.org/LifeCLEF/PlantCLEF2024/single_plant_training_data/PlantCLEF2024singleplanttrainingdata/train/1396710/153f44417762289e5859b2ffacebbfc034751d19.jpg"
"b443d292427561c738474f5d17eddb4cd9720122.jpg";"fruit";"1396710";"1004900937";"cc-by-sa";"";"Ls";"83.0";"52.02636777777778";"-9.494964444444443";"5284517.0";"Taxus baccata L.";"Taxus";"Taxaceae";"plantnet";"plantnet";"https://identify.plantnet.org/fr/k-southwestern-europe/observations/1004900937";"https://bs.plantnet.org/image/o/b443d292427561c738474f5d17eddb4cd9720122";"train";"https://lab.plantnet.org/LifeCLEF/PlantCLEF2024/single_plant_training_data/PlantCLEF2024singleplanttrainingdata/train/1396710/b443d292427561c738474f5d17eddb4cd9720122.jpg"
"f78b78e6c44ba126bef06e08fbf02b58f830779c.jpg";"fruit";"1396710";"1004893095";"cc-by-sa";"";"Варывдина Ирина Викторовна";"";"";"";"5284517.0";"Taxus baccata L.";"Taxus";"Taxaceae";"plantnet";"plantnet";"https://identify.plantnet.org/fr/k-southwestern-europe/observations/1004893095";"https://bs.plantnet.org/image/o/f78b78e6c44ba126bef06e08fbf02b58f830779c";"train";"https://lab.plantnet.org/LifeCLEF/PlantCLEF2024/single_plant_training_data/PlantCLEF2024singleplanttrainingdata/train/1396710/f78b78e6c44ba126bef06e08fbf02b58f830779c.jpg"
"5ca68f593572a47025d849c2ddb7caaeb5f620e0.jpg";"fruit";"1396710";"1004893082";"cc-by-sa";"";"Варывдина Ирина Викторовна";"";"";"";"5284517.0";"Taxus baccata L.";"Taxus";"Taxaceae";"plantnet";"plantnet";"https://identify.plantnet.org/fr/k-southwestern-europe/observations/1004893082";"https://bs.plantnet.org/image/o/5ca68f593572a47025d849c2ddb7caaeb5f620e0";"train";"https://lab.plantnet.org/LifeCLEF/PlantCLEF2024/single_plant_training_data/PlantCLEF2024singleplanttrainingdata/train/1396710/5ca68f593572a47025d849c2ddb7caaeb5f620e0.jpg"
"03f10c1a7262c00bf749ea7c2d096f8c20938844.jpg";"fruit";"1396710";"1004857956";"cc-by-sa";"";"eris eride";"477.0";"44.54766284208745";"8.933154540136456";"5284517.0";"Taxus baccata L.";"Taxus";"Taxaceae";"plantnet";"plantnet";"https://identify.plantnet.org/fr/k-southwestern-europe/observations/1004857956";"https://bs.plantnet.org/image/o/03f10c1a7262c00bf749ea7c2d096f8c20938844";"train";"https://lab.plantnet.org/LifeCLEF/PlantCLEF2024/single_plant_training_data/PlantCLEF2024singleplanttrainingdata/train/1396710/03f10c1a7262c00bf749ea7c2d096f8c20938844.jpg"
"46584aec51bbf86302fc67d7785fb33ca48610e8.jpg";"fruit";"1396710";"1004828991";"cc-by-sa";"";"cherif attia";"";"";"";"5284517.0";"Taxus baccata L.";"Taxus";"Taxaceae";"plantnet";"plantnet";"https://identify.plantnet.org/fr/k-southwestern-europe/observations/1004828991";"https://bs.plantnet.org/image/o/46584aec51bbf86302fc67d7785fb33ca48610e8";"train";"https://lab.plantnet.org/LifeCLEF/PlantCLEF2024/single_plant_training_data/PlantCLEF2024singleplanttrainingdata/train/1396710/46584aec51bbf86302fc67d7785fb33ca48610e8.jpg"
"d8c77164e7e460cc9858d501e6421c9046b68a15.jpg";"flower";"1396710";"1004815915";"cc-by-sa";"";"Arnaud Sarrodet";"";"";"";"5284517.0";"Taxus baccata L.";"Taxus";"Taxaceae";"plantnet";"plantnet";"https://identify.plantnet.org/fr/k-southwestern-europe/observations/1004815915";"https://bs.plantnet.org/image/o/d8c77164e7e460cc9858d501e6421c9046b68a15";"train";"https://lab.plantnet.org/LifeCLEF/PlantCLEF2024/single_plant_training_data/PlantCLEF2024singleplanttrainingdata/train/1396710/d8c77164e7e460cc9858d501e6421c9046b68a15.jpg"
"44e2af7dd339e2974f9529712d69e326df75d6ac.jpg";"fruit";"1396710";"1004803914";"cc-by-sa";"";"Begato Marco";"550.1";"45.710595";"10.12918";"5284517.0";"Taxus baccata L.";"Taxus";"Taxaceae";"plantnet";"plantnet";"https://identify.plantnet.org/fr/k-southwestern-europe/observations/1004803914";"https://bs.plantnet.org/image/o/44e2af7dd339e2974f9529712d69e326df75d6ac";"train";"https://lab.plantnet.org/LifeCLEF/PlantCLEF2024/single_plant_training_data/PlantCLEF2024singleplanttrainingdata/train/1396710/44e2af7dd339e2974f9529712d69e326df75d6ac.jpg"
"4f9666d6c92a65449454156e26bfafc0cabfe235.jpg";"fruit";"1396710";"1004792477";"cc-by-sa";"";"Hannelore Stelter";"19.0";"52.84700011111112";"9.421775805555557";"5284517.0";"Taxus baccata L.";"Taxus";"Taxaceae";"plantnet";"plantnet";"https://identify.plantnet.org/fr/k-southwestern-europe/observations/1004792477";"https://bs.plantnet.org/image/o/4f9666d6c92a65449454156e26bfafc0cabfe235";"train";"https://lab.plantnet.org/LifeCLEF/PlantCLEF2024/single_plant_training_data/PlantCLEF2024singleplanttrainingdata/train/1396710/4f9666d6c92a65449454156e26bfafc0cabfe235.jpg"
"4e68ebb71e0a22f1b917a896b1483bfd07c7118f.jpg";"fruit";"1396710";"1004746987";"cc-by-sa";"";"Jwles";"6.0";"47.652172138888886";"-122.308107";"5284517.0";"Taxus baccata L.";"Taxus";"Taxaceae";"plantnet";"plantnet";"https://identify.plantnet.org/fr/k-southwestern-europe/observations/1004746987";"https://bs.plantnet.org/image/o/4e68ebb71e0a22f1b917a896b1483bfd07c7118f";"train";"https://lab.plantnet.org/LifeCLEF/PlantCLEF2024/single_plant_training_data/PlantCLEF2024singleplanttrainingdata/train/1396710/4e68ebb71e0a22f1b917a896b1483bfd07c7118f.jpg"
"0c9b162d295cb8abc5e677caea2abe0392b71fee.jpg";"habit";"1396710";"1004731862";"cc-by-sa";"";"Cedric Hutfer";"53.3098";"48.5992587006759";"2.303585386240928";"5284517.0";"Taxus baccata L.";"Taxus";"Taxaceae";"plantnet";"plantnet";"https://identify.plantnet.org/fr/k-southwestern-europe/observations/1004731862";"https://bs.plantnet.org/image/o/0c9b162d295cb8abc5e677caea2abe0392b71fee";"train";"https://lab.plantnet.org/LifeCLEF/PlantCLEF2024/single_plant_training_data/PlantCLEF2024singleplanttrainingdata/train/1396710/0c9b162d295cb8abc5e677caea2abe0392b71fee.jpg"
"830278a0339cbaeae24be5aebec45025d2887039.jpg";"fruit";"1396710";"1004716643";"cc-by-sa";"";"Rondro Ranjohanison";"66.0";"43.3051053";"5.3967919";"5284517.0";"Taxus baccata L.";"Taxus";"Taxaceae";"plantnet";"plantnet";"https://identify.plantnet.org/fr/k-southwestern-europe/observations/1004716643";"https://bs.plantnet.org/image/o/830278a0339cbaeae24be5aebec45025d2887039";"train";"https://lab.plantnet.org/LifeCLEF/PlantCLEF2024/single_plant_training_data/PlantCLEF2024singleplanttrainingdata/train/1396710/830278a0339cbaeae24be5aebec45025d2887039.jpg"
"c58f6d3c591ed4096f78e862d19f293cba58d497.jpg";"fruit";"1396710";"1004647744";"cc-by-sa";"";"Safont J.";"101.0";"41.38264722222223";"2.1623638888888888";"5284517.0";"Taxus baccata L.";"Taxus";"Taxaceae";"plantnet";"plantnet";"https://identify.plantnet.org/fr/k-southwestern-europe/observations/1004647744";"https://bs.plantnet.org/image/o/c58f6d3c591ed4096f78e862d19f293cba58d497";"train";"https://lab.plantnet.org/LifeCLEF/PlantCLEF2024/single_plant_training_data/PlantCLEF2024singleplanttrainingdata/train/1396710/c58f6d3c591ed4096f78e862d19f293cba58d497.jpg"
"21227803d709b73af812902d2141c7cc57203d00.jpg";"fruit";"1396710";"1003932712";"cc-by-sa";"";"Honzík Jan Paseka";"298.0";"50.08417231";"15.98276294";"5284517.0";"Taxus baccata L.";"Taxus";"Taxaceae";"plantnet";"plantnet";"https://identify.plantnet.org/fr/k-southwestern-europe/observations/1003932712";"https://bs.plantnet.org/image/o/21227803d709b73af812902d2141c7cc57203d00";"train";"https://lab.plantnet.org/LifeCLEF/PlantCLEF2024/single_plant_training_data/PlantCLEF2024singleplanttrainingdata/train/1396710/21227803d709b73af812902d2141c7cc57203d00.jpg"
"d39e66005faf66918b1275a80475b26c2dec159a.jpg";"bark";"1396710";"1003599816";"cc-by-sa";"";"sol3luba";"74.0";"54.71632591";"-6.22503618";"5284517.0";"Taxus baccata L.";"Taxus";"Taxaceae";"plantnet";"plantnet";"https://identify.plantnet.org/fr/k-southwestern-europe/observations/1003599816";"https://bs.plantnet.org/image/o/d39e66005faf66918b1275a80475b26c2dec159a";"train";"https://lab.plantnet.org/LifeCLEF/PlantCLEF2024/single_plant_training_data/PlantCLEF2024singleplanttrainingdata/train/1396710/d39e66005faf66918b1275a80475b26c2dec159a.jpg"
"9e3c30e9f6dc230739e12c013c7e76f628ae0746.jpg";"bark";"1396710";"1003515232";"cc-by-sa";"";"Jc Jc Point";"";"";"";"5284517.0";"Taxus baccata L.";"Taxus";"Taxaceae";"plantnet";"plantnet";"https://identify.plantnet.org/fr/k-southwestern-europe/observations/1003515232";"https://bs.plantnet.org/image/o/9e3c30e9f6dc230739e12c013c7e76f628ae0746";"train";"https://lab.plantnet.org/LifeCLEF/PlantCLEF2024/single_plant_training_data/PlantCLEF2024singleplanttrainingdata/train/1396710/9e3c30e9f6dc230739e12c013c7e76f628ae0746.jpg"
"d05f4acb8d734b7a4274ac3a62e94f2688b18e04.jpg";"bark";"1396710";"1003432815";"cc-by-sa";"";"Léa STEPHAN";"727.0";"43.3285253";"5.7550204";"5284517.0";"Taxus baccata L.";"Taxus";"Taxaceae";"plantnet";"plantnet";"https://identify.plantnet.org/fr/k-southwestern-europe/observations/1003432815";"https://bs.plantnet.org/image/o/d05f4acb8d734b7a4274ac3a62e94f2688b18e04";"train";"https://lab.plantnet.org/LifeCLEF/PlantCLEF2024/single_plant_training_data/PlantCLEF2024singleplanttrainingdata/train/1396710/d05f4acb8d734b7a4274ac3a62e94f2688b18e04.jpg"
"308db24db213799a2bdc50b14773643ce028d514.jpg";"flower";"1396710";"1003242381";"cc-by-sa";"";"Ing. Giovanni";"250.0";"45.6619691";"8.7814742";"5284517.0";"Taxus baccata L.";"Taxus";"Taxaceae";"plantnet";"plantnet";"https://identify.plantnet.org/fr/k-southwestern-europe/observations/1003242381";"https://bs.plantnet.org/image/o/308db24db213799a2bdc50b14773643ce028d514";"train";"https://lab.plantnet.org/LifeCLEF/PlantCLEF2024/single_plant_training_data/PlantCLEF2024singleplanttrainingdata/train/1396710/308db24db213799a2bdc50b14773643ce028d514.jpg"
"5e9587ac71e9a816493c1f1ed7b6e8e8d9bd5f1f.jpg";"fruit";"1396710";"1003169032";"cc-by-sa";"";"Francis Cauwel";"";"";"";"5284517.0";"Taxus baccata L.";"Taxus";"Taxaceae";"plantnet";"plantnet";"https://identify.plantnet.org/fr/k-southwestern-europe/observations/1003169032";"https://bs.plantnet.org/image/o/5e9587ac71e9a816493c1f1ed7b6e8e8d9bd5f1f";"train";"https://lab.plantnet.org/LifeCLEF/PlantCLEF2024/single_plant_training_data/PlantCLEF2024singleplanttrainingdata/train/1396710/5e9587ac71e9a816493c1f1ed7b6e8e8d9bd5f1f.jpg"
"ae410c19cfe941b738c169a251901f412d15e69c.jpg";"fruit";"1396710";"1003163692";"cc-by-sa";"";"Dj Thom";"";"";"";"5284517.0";"Taxus baccata L.";"Taxus";"Taxaceae";"plantnet";"plantnet";"https://identify.plantnet.org/fr/k-southwestern-europe/observations/1003163692";"https://bs.plantnet.org/image/o/ae410c19cfe941b738c169a251901f412d15e69c";"train";"https://lab.plantnet.org/LifeCLEF/PlantCLEF2024/single_plant_training_data/PlantCLEF2024singleplanttrainingdata/train/1396710/ae410c19cfe941b738c169a251901f412d15e69c.jpg"
"293856d9397ee734c3374d2d8e435fbe6074422d.jpg";"fruit";"1396710";"1003120892";"cc-by-sa";"";"mitchum";"51.0";"50.8957255";"4.3570219";"5284517.0";"Taxus baccata L.";"Taxus";"Taxaceae";"plantnet";"plantnet";"https://identify.plantnet.org/fr/k-southwestern-europe/observations/1003120892";"https://bs.plantnet.org/image/o/293856d9397ee734c3374d2d8e435fbe6074422d";"train";"https://lab.plantnet.org/LifeCLEF/PlantCLEF2024/single_plant_training_data/PlantCLEF2024singleplanttrainingdata/train/1396710/293856d9397ee734c3374d2d8e435fbe6074422d.jpg"
"442ca51e595310ef371831a0f72e5061ab17b250.jpg";"habit";"1396710";"1003100849";"cc-by-sa";"";"Antonio José Puente-Badía";"23.0";"43.4720472";"-3.8016666";"5284517.0";"Taxus baccata L.";"Taxus";"Taxaceae";"plantnet";"plantnet";"https://identify.plantnet.org/fr/k-southwestern-europe/observations/1003100849";"https://bs.plantnet.org/image/o/442ca51e595310ef371831a0f72e5061ab17b250";"train";"https://lab.plantnet.org/LifeCLEF/PlantCLEF2024/single_plant_training_data/PlantCLEF2024singleplanttrainingdata/train/1396710/442ca51e595310ef371831a0f72e5061ab17b250.jpg"
"d1fb378b72079333482f5685352bea9a35a889db.jpg";"fruit";"1396710";"1003002548";"cc-by-sa";"";"Josu Santos";"";"";"";"5284517.0";"Taxus baccata L.";"Taxus";"Taxaceae";"plantnet";"plantnet";"https://identify.plantnet.org/fr/k-southwestern-europe/observations/1003002548";"https://bs.plantnet.org/image/o/d1fb378b72079333482f5685352bea9a35a889db";"train";"https://lab.plantnet.org/LifeCLEF/PlantCLEF2024/single_plant_training_data/PlantCLEF2024singleplanttrainingdata/train/1396710/d1fb378b72079333482f5685352bea9a35a889db.jpg"
"ea0aebc9aa92dfdcddba7ee297223e8a6a0047a9.jpg";"fruit";"1396710";"1002934992";"cc-by-sa";"";"catquest";"59.0";"59.9230961";"10.744514";"5284517.0";"Taxus baccata L.";"Taxus";"Taxaceae";"plantnet";"plantnet";"https://identify.plantnet.org/fr/k-southwestern-europe/observations/1002934992";"https://bs.plantnet.org/image/o/ea0aebc9aa92dfdcddba7ee297223e8a6a0047a9";"train";"https://lab.plantnet.org/LifeCLEF/PlantCLEF2024/single_plant_training_data/PlantCLEF2024singleplanttrainingdata/train/1396710/ea0aebc9aa92dfdcddba7ee297223e8a6a0047a9.jpg"
"bdd18e7ea4ff17081e7dd6015cba26ea50fa40c4.jpg";"fruit";"1396710";"1002907635";"cc-by-sa";"";"laudemo";"86.0";"48.9015139";"2.0991798";"5284517.0";"Taxus baccata L.";"Taxus";"Taxaceae";"plantnet";"plantnet";"https://identify.plantnet.org/fr/k-southwestern-europe/observations/1002907635";"https://bs.plantnet.org/image/o/bdd18e7ea4ff17081e7dd6015cba26ea50fa40c4";"train";"https://lab.plantnet.org/LifeCLEF/PlantCLEF2024/single_plant_training_data/PlantCLEF2024singleplanttrainingdata/train/1396710/bdd18e7ea4ff17081e7dd6015cba26ea50fa40c4.jpg"
"806be3a2ac1fd954187bc5424ade10106164c349.jpg";"habit";"1396710";"1002823864";"cc-by-sa";"";"Calia Gerolamo";"";"";"";"5284517.0";"Taxus baccata L.";"Taxus";"Taxaceae";"plantnet";"plantnet";"https://identify.plantnet.org/fr/k-southwestern-europe/observations/1002823864";"https://bs.plantnet.org/image/o/806be3a2ac1fd954187bc5424ade10106164c349";"train";"https://lab.plantnet.org/LifeCLEF/PlantCLEF2024/single_plant_training_data/PlantCLEF2024singleplanttrainingdata/train/1396710/806be3a2ac1fd954187bc5424ade10106164c349.jpg"
"b151207a9c392ebe20d083ac3afe1e7a7de23741.jpg";"fruit";"1396710";"1002673031";"cc-by-sa";"";"Breanna Ortner";"";"";"";"5284517.0";"Taxus baccata L.";"Taxus";"Taxaceae";"plantnet";"plantnet";"https://identify.plantnet.org/fr/k-southwestern-europe/observations/1002673031";"https://bs.plantnet.org/image/o/b151207a9c392ebe20d083ac3afe1e7a7de23741";"train";"https://lab.plantnet.org/LifeCLEF/PlantCLEF2024/single_plant_training_data/PlantCLEF2024singleplanttrainingdata/train/1396710/b151207a9c392ebe20d083ac3afe1e7a7de23741.jpg"
"33f61322bd98dd1d8dfd8e30973419d644745003.jpg";"bark";"1396710";"1001732024";"cc-by-sa";"";"manuel fernandez peña";"722.0";"40.481425";"-3.691908333333333";"5284517.0";"Taxus baccata L.";"Taxus";"Taxaceae";"plantnet";"plantnet";"https://identify.plantnet.org/fr/k-southwestern-europe/observations/1001732024";"https://bs.plantnet.org/image/o/33f61322bd98dd1d8dfd8e30973419d644745003";"train";"https://lab.plantnet.org/LifeCLEF/PlantCLEF2024/single_plant_training_data/PlantCLEF2024singleplanttrainingdata/train/1396710/33f61322bd98dd1d8dfd8e30973419d644745003.jpg"
"bed78d81f280898322723a1444d0d89b7e9570cd.jpg";"bark";"1396710";"1001266154";"cc-by-sa";"";"Tara Conler";"";"";"";"5284517.0";"Taxus baccata L.";"Taxus";"Taxaceae";"plantnet";"plantnet";"https://identify.plantnet.org/fr/k-southwestern-europe/observations/1001266154";"https://bs.plantnet.org/image/o/bed78d81f280898322723a1444d0d89b7e9570cd";"train";"https://lab.plantnet.org/LifeCLEF/PlantCLEF2024/single_plant_training_data/PlantCLEF2024singleplanttrainingdata/train/1396710/bed78d81f280898322723a1444d0d89b7e9570cd.jpg"
"5ffd1cb0079e27cd9ad52ca0e7cde772de04f450.jpg";"fruit";"1396710";"1001602830";"cc-by-sa";"";"Ángel Varela";"";"";"";"5284517.0";"Taxus baccata L.";"Taxus";"Taxaceae";"plantnet";"plantnet";"https://identify.plantnet.org/fr/k-southwestern-europe/observations/1001602830";"https://bs.plantnet.org/image/o/5ffd1cb0079e27cd9ad52ca0e7cde772de04f450";"train";"https://lab.plantnet.org/LifeCLEF/PlantCLEF2024/single_plant_training_data/PlantCLEF2024singleplanttrainingdata/train/1396710/5ffd1cb0079e27cd9ad52ca0e7cde772de04f450.jpg"
"941542b843bed98071a38216cc125f10de4b786f.jpg";"bark";"1396710";"1001404189";"cc-by-sa";"";"Tara Conler";"";"";"";"5284517.0";"Taxus baccata L.";"Taxus";"Taxaceae";"plantnet";"plantnet";"https://identify.plantnet.org/fr/k-southwestern-europe/observations/1001404189";"https://bs.plantnet.org/image/o/941542b843bed98071a38216cc125f10de4b786f";"train";"https://lab.plantnet.org/LifeCLEF/PlantCLEF2024/single_plant_training_data/PlantCLEF2024singleplanttrainingdata/train/1396710/941542b843bed98071a38216cc125f10de4b786f.jpg"
"52daa0c70b8c9aae806e68a875b5d3e5016fac1d.jpg";"fruit";"1396710";"1001605881";"cc-by-sa";"";"1";"";"";"";"5284517.0";"Taxus baccata L.";"Taxus";"Taxaceae";"plantnet";"plantnet";"https://identify.plantnet.org/fr/k-southwestern-europe/observations/1001605881";"https://bs.plantnet.org/image/o/52daa0c70b8c9aae806e68a875b5d3e5016fac1d";"train";"https://lab.plantnet.org/LifeCLEF/PlantCLEF2024/single_plant_training_data/PlantCLEF2024singleplanttrainingdata/train/1396710/52daa0c70b8c9aae806e68a875b5d3e5016fac1d.jpg"
"147a37671d620e92a3bc3f4a7dec11342a6eb244.jpg";"bark";"1396710";"1001331033";"cc-by-sa";"tela";"Tela Botanica − _";"393.0";"49.41646";"12.14168";"5284517.0";"Taxus baccata L.";"Taxus";"Taxaceae";"plantnet";"plantnet";"https://identify.plantnet.org/fr/k-southwestern-europe/observations/1001331033";"https://bs.plantnet.org/image/o/147a37671d620e92a3bc3f4a7dec11342a6eb244";"train";"https://lab.plantnet.org/LifeCLEF/PlantCLEF2024/single_plant_training_data/PlantCLEF2024singleplanttrainingdata/train/1396710/147a37671d620e92a3bc3f4a7dec11342a6eb244.jpg"
"f50ff9a2f4187cbbd72d6ce1f5deff6097cad839.jpg";"fruit";"1396710";"1005065147";"cc-by-sa";"";"Eddy Giroud";"338.0";"45.90436935416667";"3.098751068055556";"5284517.0";"Taxus baccata L.";"Taxus";"Taxaceae";"plantnet";"plantnet";"https://identify.plantnet.org/fr/k-southwestern-europe/observations/1005065147";"https://bs.plantnet.org/image/o/f50ff9a2f4187cbbd72d6ce1f5deff6097cad839";"train";"https://lab.plantnet.org/LifeCLEF/PlantCLEF2024/single_plant_training_data/PlantCLEF2024singleplanttrainingdata/train/1396710/f50ff9a2f4187cbbd72d6ce1f5deff6097cad839.jpg"
"8f08b2e91c92df5c3f7154900bbc714eea4564b2.jpg";"fruit";"1396710";"1001295054";"cc-by-sa";"tela";"Tela Botanica − Dominique REMAUD";"41.0";"47.25721";"-0.07666";"5284517.0";"Taxus baccata L.";"Taxus";"Taxaceae";"plantnet";"plantnet";"https://identify.plantnet.org/fr/k-southwestern-europe/observations/1001295054";"https://bs.plantnet.org/image/o/8f08b2e91c92df5c3f7154900bbc714eea4564b2";"train";"https://lab.plantnet.org/LifeCLEF/PlantCLEF2024/single_plant_training_data/PlantCLEF2024singleplanttrainingdata/train/1396710/8f08b2e91c92df5c3f7154900bbc714eea4564b2.jpg"
"d0bedbea294ebcddb9ef49903f8f7afef04d551c.jpg";"fruit";"1396710";"1001291127";"cc-by-sa";"";"michel";"";"";"";"5284517.0";"Taxus baccata L.";"Taxus";"Taxaceae";"plantnet";"plantnet";"https://identify.plantnet.org/fr/k-southwestern-europe/observations/1001291127";"https://bs.plantnet.org/image/o/d0bedbea294ebcddb9ef49903f8f7afef04d551c";"train";"https://lab.plantnet.org/LifeCLEF/PlantCLEF2024/single_plant_training_data/PlantCLEF2024singleplanttrainingdata/train/1396710/d0bedbea294ebcddb9ef49903f8f7afef04d551c.jpg"
"28e6ff0d9486aeefcbb86114497059ef40429352.jpg";"fruit";"1396710";"1001292104";"cc-by-sa";"tela";"Tela Botanica − _";"";"";"";"5284517.0";"Taxus baccata L.";"Taxus";"Taxaceae";"plantnet";"plantnet";"https://identify.plantnet.org/fr/k-southwestern-europe/observations/1001292104";"https://bs.plantnet.org/image/o/28e6ff0d9486aeefcbb86114497059ef40429352";"train";"https://lab.plantnet.org/LifeCLEF/PlantCLEF2024/single_plant_training_data/PlantCLEF2024singleplanttrainingdata/train/1396710/28e6ff0d9486aeefcbb86114497059ef40429352.jpg"
"cc920e37cba355a12c21abe28ac205ba217a3761.jpg";"fruit";"1396710";"1001291004";"cc-by-sa";"";"Josepe García";"37.0";"50.96122";"6.96755";"5284517.0";"Taxus baccata L.";"Taxus";"Taxaceae";"plantnet";"plantnet";"https://identify.plantnet.org/fr/k-southwestern-europe/observations/1001291004";"https://bs.plantnet.org/image/o/cc920e37cba355a12c21abe28ac205ba217a3761";"train";"https://lab.plantnet.org/LifeCLEF/PlantCLEF2024/single_plant_training_data/PlantCLEF2024singleplanttrainingdata/train/1396710/cc920e37cba355a12c21abe28ac205ba217a3761.jpg"
"66ee93e15c18783ae1ed7feb0b6061703017fc3f.jpg";"branch";"1396710";"1001361977";"cc-by-sa";"";"Jennifer Carré";"59.0";"43.63307";"3.81676";"5284517.0";"Taxus baccata L.";"Taxus";"Taxaceae";"plantnet";"plantnet";"https://identify.plantnet.org/fr/k-southwestern-europe/observations/1001361977";"https://bs.plantnet.org/image/o/66ee93e15c18783ae1ed7feb0b6061703017fc3f";"train";"https://lab.plantnet.org/LifeCLEF/PlantCLEF2024/single_plant_training_data/PlantCLEF2024singleplanttrainingdata/train/1396710/66ee93e15c18783ae1ed7feb0b6061703017fc3f.jpg"
"459d9e43c00cadfaabc53bcb5fdf51e97ef15740.jpg";"scan";"1396710";"1001288317";"cc-by-sa";"tela";"Tela Botanica − Benoit ST-PIERRE";"88.0";"47.35";"0.72132";"5284517.0";"Taxus baccata L.";"Taxus";"Taxaceae";"plantnet";"plantnet";"https://identify.plantnet.org/fr/k-southwestern-europe/observations/1001288317";"https://bs.plantnet.org/image/o/459d9e43c00cadfaabc53bcb5fdf51e97ef15740";"train";"https://lab.plantnet.org/LifeCLEF/PlantCLEF2024/single_plant_training_data/PlantCLEF2024singleplanttrainingdata/train/1396710/459d9e43c00cadfaabc53bcb5fdf51e97ef15740.jpg"
"c474eaf497669e6ee193632c3d0ee5022e2e3355.jpg";"flower";"1396710";"1002197897";"cc-by-sa";"tela";"Tela Botanica − Jacques Maréchal";"123.0";"47.88728";"1.8416";"5284517.0";"Taxus baccata L.";"Taxus";"Taxaceae";"plantnet";"plantnet";"https://identify.plantnet.org/fr/k-southwestern-europe/observations/1002197897";"https://bs.plantnet.org/image/o/c474eaf497669e6ee193632c3d0ee5022e2e3355";"train";"https://lab.plantnet.org/LifeCLEF/PlantCLEF2024/single_plant_training_data/PlantCLEF2024singleplanttrainingdata/train/1396710/c474eaf497669e6ee193632c3d0ee5022e2e3355.jpg"
"82f3bfe4a9d5d7e6dc01f58939d6b9ebf1de3e3c.jpg";"fruit";"1396710";"1004478580";"cc-by-sa";"";"Alexandre Duvignaud";"12.5231";"44.81390973470327";"-0.5727509985513642";"5284517.0";"Taxus baccata L.";"Taxus";"Taxaceae";"plantnet";"plantnet";"https://identify.plantnet.org/fr/k-southwestern-europe/observations/1004478580";"https://bs.plantnet.org/image/o/82f3bfe4a9d5d7e6dc01f58939d6b9ebf1de3e3c";"train";"https://lab.plantnet.org/LifeCLEF/PlantCLEF2024/single_plant_training_data/PlantCLEF2024singleplanttrainingdata/train/1396710/82f3bfe4a9d5d7e6dc01f58939d6b9ebf1de3e3c.jpg"
"6a3e6e44c068cc00bd56e43cdb7751447a9c498c.jpg";"fruit";"1396710";"1005146698";"cc-by-sa";"";"Emilie NEXON";"136.0";"46.425965409725904";"0.2613412868231535";"5284517.0";"Taxus baccata L.";"Taxus";"Taxaceae";"plantnet";"plantnet";"https://identify.plantnet.org/fr/k-southwestern-europe/observations/1005146698";"https://bs.plantnet.org/image/o/6a3e6e44c068cc00bd56e43cdb7751447a9c498c";"train";"https://lab.plantnet.org/LifeCLEF/PlantCLEF2024/single_plant_training_data/PlantCLEF2024singleplanttrainingdata/train/1396710/6a3e6e44c068cc00bd56e43cdb7751447a9c498c.jpg"
"857503067b3f7f5cae67aab1533ea4ae747de6db.jpg";"fruit";"1396710";"1004674666";"cc-by-sa";"";"Mathilde Damette";"142.0";"49.2363603";"2.88973033";"5284517.0";"Taxus baccata L.";"Taxus";"Taxaceae";"plantnet";"plantnet";"https://identify.plantnet.org/fr/k-southwestern-europe/observations/1004674666";"https://bs.plantnet.org/image/o/857503067b3f7f5cae67aab1533ea4ae747de6db";"train";"https://lab.plantnet.org/LifeCLEF/PlantCLEF2024/single_plant_training_data/PlantCLEF2024singleplanttrainingdata/train/1396710/857503067b3f7f5cae67aab1533ea4ae747de6db.jpg"
"a1c1d48e56a793ce76d39c8048f6f42d820e2f0b.jpg";"fruit";"1396710";"1011945986";"cc-by-sa";"";"Ethan Winter";"300.01";"40.44199166666667";"-79.92982500000001";"5284517.0";"Taxus baccata L.";"Taxus";"Taxaceae";"plantnet";"plantnet";"https://identify.plantnet.org/fr/k-southwestern-europe/observations/1011945986";"https://bs.plantnet.org/image/o/a1c1d48e56a793ce76d39c8048f6f42d820e2f0b";"train";"https://lab.plantnet.org/LifeCLEF/PlantCLEF2024/single_plant_training_data/PlantCLEF2024singleplanttrainingdata/train/1396710/a1c1d48e56a793ce76d39c8048f6f42d820e2f0b.jpg"
"1c54dc604b041801e937be7fd54ee907af31ba65.jpg";"bark";"1396710";"1001324672";"cc-by-sa";"tela";"Tela Botanica − Fidji GERBAZ";"218.0";"45.18778";"5.73582";"5284517.0";"Taxus baccata L.";"Taxus";"Taxaceae";"plantnet";"plantnet";"https://identify.plantnet.org/fr/k-southwestern-europe/observations/1001324672";"https://bs.plantnet.org/image/o/1c54dc604b041801e937be7fd54ee907af31ba65";"train";"https://lab.plantnet.org/LifeCLEF/PlantCLEF2024/single_plant_training_data/PlantCLEF2024singleplanttrainingdata/train/1396710/1c54dc604b041801e937be7fd54ee907af31ba65.jpg"
"c84d33c31c826dc7bb0d164ee56b731424441ea3.jpg";"fruit";"1396710";"1015554467";"cc-by-sa";"";"Filip Sufitchi";"109.6688";"44.4369534641";"26.065937955";"5284517.0";"Taxus baccata L.";"Taxus";"Taxaceae";"plantnet";"plantnet";"https://identify.plantnet.org/fr/k-southwestern-europe/observations/1015554467";"https://bs.plantnet.org/image/o/c84d33c31c826dc7bb0d164ee56b731424441ea3";"train";"https://lab.plantnet.org/LifeCLEF/PlantCLEF2024/single_plant_training_data/PlantCLEF2024singleplanttrainingdata/train/1396710/c84d33c31c826dc7bb0d164ee56b731424441ea3.jpg"
"fcd95608051cabacaff0e7d7fb2fd8193d0d823d.jpg";"fruit";"1396710";"1005013335";"cc-by-sa";"";"Andrey Andrey";"113.4";"56.9815042";"23.0543325";"5284517.0";"Taxus baccata L.";"Taxus";"Taxaceae";"plantnet";"plantnet";"https://identify.plantnet.org/fr/k-southwestern-europe/observations/1005013335";"https://bs.plantnet.org/image/o/fcd95608051cabacaff0e7d7fb2fd8193d0d823d";"train";"https://lab.plantnet.org/LifeCLEF/PlantCLEF2024/single_plant_training_data/PlantCLEF2024singleplanttrainingdata/train/1396710/fcd95608051cabacaff0e7d7fb2fd8193d0d823d.jpg"
"8dc615620dcc808acc65c61e63a265868e2cc9c4.jpg";"fruit";"1396710";"1004988768";"cc-by-sa";"";"E. Tim";"";"";"";"5284517.0";"Taxus baccata L.";"Taxus";"Taxaceae";"plantnet";"plantnet";"https://identify.plantnet.org/fr/k-southwestern-europe/observations/1004988768";"https://bs.plantnet.org/image/o/8dc615620dcc808acc65c61e63a265868e2cc9c4";"train";"https://lab.plantnet.org/LifeCLEF/PlantCLEF2024/single_plant_training_data/PlantCLEF2024singleplanttrainingdata/train/1396710/8dc615620dcc808acc65c61e63a265868e2cc9c4.jpg"
"b2d231b54c7cae123bd88603ae5a4b05f3962f24.jpg";"bark";"1396710";"1006080130";"cc-by-sa";"";"Ord Mat";"87.911";"48.69502297222222";"2.501354";"5284517.0";"Taxus baccata L.";"Taxus";"Taxaceae";"plantnet";"plantnet";"https://identify.plantnet.org/fr/k-southwestern-europe/observations/1006080130";"https://bs.plantnet.org/image/o/b2d231b54c7cae123bd88603ae5a4b05f3962f24";"train";"https://lab.plantnet.org/LifeCLEF/PlantCLEF2024/single_plant_training_data/PlantCLEF2024singleplanttrainingdata/train/1396710/b2d231b54c7cae123bd88603ae5a4b05f3962f24.jpg"
"ba301f9d9ebd21b1601fb786e4cf731b42e21ea7.jpg";"fruit";"1396710";"1015963902";"cc-by-sa";"";"Meline";"";"";"";"5284517.0";"Taxus baccata L.";"Taxus";"Taxaceae";"plantnet";"plantnet";"https://identify.plantnet.org/fr/k-southwestern-europe/observations/1015963902";"https://bs.plantnet.org/image/o/ba301f9d9ebd21b1601fb786e4cf731b42e21ea7";"train";"https://lab.plantnet.org/LifeCLEF/PlantCLEF2024/single_plant_training_data/PlantCLEF2024singleplanttrainingdata/train/1396710/ba301f9d9ebd21b1601fb786e4cf731b42e21ea7.jpg"
"e9f6da44808b4b22a8510f0e13c0baea98dcf671.jpg";"fruit";"1396710";"1014357350";"cc-by-sa";"";"Emmanuel Torquebiau";"90.0";"43.6478935";"3.878455199722222";"5284517.0";"Taxus baccata L.";"Taxus";"Taxaceae";"plantnet";"plantnet";"https://identify.plantnet.org/fr/k-southwestern-europe/observations/1014357350";"https://bs.plantnet.org/image/o/e9f6da44808b4b22a8510f0e13c0baea98dcf671";"train";"https://lab.plantnet.org/LifeCLEF/PlantCLEF2024/single_plant_training_data/PlantCLEF2024singleplanttrainingdata/train/1396710/e9f6da44808b4b22a8510f0e13c0baea98dcf671.jpg"
"8058ae84efdb011708924bed218041dddd8cad7f.jpg";"fruit";"1396710";"1003077944";"cc-by-sa";"";"Na Ra";"";"";"";"5284517.0";"Taxus baccata L.";"Taxus";"Taxaceae";"plantnet";"plantnet";"https://identify.plantnet.org/fr/k-southwestern-europe/observations/1003077944";"https://bs.plantnet.org/image/o/8058ae84efdb011708924bed218041dddd8cad7f";"train";"https://lab.plantnet.org/LifeCLEF/PlantCLEF2024/single_plant_training_data/PlantCLEF2024singleplanttrainingdata/train/1396710/8058ae84efdb011708924bed218041dddd8cad7f.jpg"
"446c062143297c541e894a5315b376d623ce40c8.jpg";"fruit";"1396710";"1009178443";"cc-by-sa";"";"Sean Locke";"";"";"";"5284517.0";"Taxus baccata L.";"Taxus";"Taxaceae";"plantnet";"plantnet";"https://identify.plantnet.org/fr/k-southwestern-europe/observations/1009178443";"https://bs.plantnet.org/image/o/446c062143297c541e894a5315b376d623ce40c8";"train";"https://lab.plantnet.org/LifeCLEF/PlantCLEF2024/single_plant_training_data/PlantCLEF2024singleplanttrainingdata/train/1396710/446c062143297c541e894a5315b376d623ce40c8.jpg"
"1643a573b8b8d11485f1715a8c01ed65d8abd7f2.jpg";"fruit";"1396710";"1008410435";"cc-by-sa";"";"HAIK Jean";"54.5161";"48.8230570603";"2.3397701864";"5284517.0";"Taxus baccata L.";"Taxus";"Taxaceae";"plantnet";"plantnet";"https://identify.plantnet.org/fr/k-southwestern-europe/observations/1008410435";"https://bs.plantnet.org/image/o/1643a573b8b8d11485f1715a8c01ed65d8abd7f2";"train";"https://lab.plantnet.org/LifeCLEF/PlantCLEF2024/single_plant_training_data/PlantCLEF2024singleplanttrainingdata/train/1396710/1643a573b8b8d11485f1715a8c01ed65d8abd7f2.jpg"
"0827a4d835dedd5cb043c99491a2a194836eee78.jpg";"fruit";"1396710";"1005231999";"cc-by-sa";"";"Carrie Richardson";"322.4451";"50.0952103449";"14.4169150785";"5284517.0";"Taxus baccata L.";"Taxus";"Taxaceae";"plantnet";"plantnet";"https://identify.plantnet.org/fr/k-southwestern-europe/observations/1005231999";"https://bs.plantnet.org/image/o/0827a4d835dedd5cb043c99491a2a194836eee78";"train";"https://lab.plantnet.org/LifeCLEF/PlantCLEF2024/single_plant_training_data/PlantCLEF2024singleplanttrainingdata/train/1396710/0827a4d835dedd5cb043c99491a2a194836eee78.jpg"
"42f873cf171fcde38fb0cbc488866a8b03cb45f0.jpg";"fruit";"1396710";"1008231014";"cc-by-sa";"";"Neu Lexi";"";"";"";"5284517.0";"Taxus baccata L.";"Taxus";"Taxaceae";"plantnet";"plantnet";"https://identify.plantnet.org/fr/k-southwestern-europe/observations/1008231014";"https://bs.plantnet.org/image/o/42f873cf171fcde38fb0cbc488866a8b03cb45f0";"train";"https://lab.plantnet.org/LifeCLEF/PlantCLEF2024/single_plant_training_data/PlantCLEF2024singleplanttrainingdata/train/1396710/42f873cf171fcde38fb0cbc488866a8b03cb45f0.jpg"
"e0683dcdde12469462339dd0cae694d92a3a5106.jpg";"fruit";"1396710";"1009076436";"cc-by-sa";"";"Jorge Jordana";"";"";"";"5284517.0";"Taxus baccata L.";"Taxus";"Taxaceae";"plantnet";"plantnet";"https://identify.plantnet.org/fr/k-southwestern-europe/observations/1009076436";"https://bs.plantnet.org/image/o/e0683dcdde12469462339dd0cae694d92a3a5106";"train";"https://lab.plantnet.org/LifeCLEF/PlantCLEF2024/single_plant_training_data/PlantCLEF2024singleplanttrainingdata/train/1396710/e0683dcdde12469462339dd0cae694d92a3a5106.jpg"
"288cfdbc53bd975dfae11c21c1ca18c95f89ea70.jpg";"bark";"1396710";"1007190886";"cc-by-sa";"";"García Estefanía";"";"";"";"5284517.0";"Taxus baccata L.";"Taxus";"Taxaceae";"plantnet";"plantnet";"https://identify.plantnet.org/fr/k-southwestern-europe/observations/1007190886";"https://bs.plantnet.org/image/o/288cfdbc53bd975dfae11c21c1ca18c95f89ea70";"train";"https://lab.plantnet.org/LifeCLEF/PlantCLEF2024/single_plant_training_data/PlantCLEF2024singleplanttrainingdata/train/1396710/288cfdbc53bd975dfae11c21c1ca18c95f89ea70.jpg"
"0710743f50e795f2483c26fa18f2e6b69bf11d72.jpg";"bark";"1396710";"1002097320";"cc-by-sa";"";"Luca";"17.0";"45.689720153808594";"12.258874893188477";"5284517.0";"Taxus baccata L.";"Taxus";"Taxaceae";"plantnet";"plantnet";"https://identify.plantnet.org/fr/k-southwestern-europe/observations/1002097320";"https://bs.plantnet.org/image/o/0710743f50e795f2483c26fa18f2e6b69bf11d72";"train";"https://lab.plantnet.org/LifeCLEF/PlantCLEF2024/single_plant_training_data/PlantCLEF2024singleplanttrainingdata/train/1396710/0710743f50e795f2483c26fa18f2e6b69bf11d72.jpg"
"49d419c601ad8052d1a6161a64742ebebb1cfca1.jpg";"fruit";"1396710";"1005128688";"cc-by-sa";"";"Cristina García";"878.0";"40.6384011";"-4.0241439";"5284517.0";"Taxus baccata L.";"Taxus";"Taxaceae";"plantnet";"plantnet";"https://identify.plantnet.org/fr/k-southwestern-europe/observations/1005128688";"https://bs.plantnet.org/image/o/49d419c601ad8052d1a6161a64742ebebb1cfca1";"train";"https://lab.plantnet.org/LifeCLEF/PlantCLEF2024/single_plant_training_data/PlantCLEF2024singleplanttrainingdata/train/1396710/49d419c601ad8052d1a6161a64742ebebb1cfca1.jpg"
"cd26336a6e0a6d192c44272f6df4f4d0da5f6118.jpg";"fruit";"1396710";"1015894994";"cc-by-sa";"";"Julia Roncesvalles";"";"";"";"5284517.0";"Taxus baccata L.";"Taxus";"Taxaceae";"plantnet";"plantnet";"https://identify.plantnet.org/fr/k-southwestern-europe/observations/1015894994";"https://bs.plantnet.org/image/o/cd26336a6e0a6d192c44272f6df4f4d0da5f6118";"train";"https://lab.plantnet.org/LifeCLEF/PlantCLEF2024/single_plant_training_data/PlantCLEF2024singleplanttrainingdata/train/1396710/cd26336a6e0a6d192c44272f6df4f4d0da5f6118.jpg"
"d03b85dd5a41101c3664a13a6f8343a42ec84d9c.jpg";"fruit";"1396710";"1015424633";"cc-by-sa";"";"Juan Manuel Luque";"763.6259";"47.56030949";"14.15256601";"5284517.0";"Taxus baccata L.";"Taxus";"Taxaceae";"plantnet";"plantnet";"https://identify.plantnet.org/fr/k-southwestern-europe/observations/1015424633";"https://bs.plantnet.org/image/o/d03b85dd5a41101c3664a13a6f8343a42ec84d9c";"train";"https://lab.plantnet.org/LifeCLEF/PlantCLEF2024/single_plant_training_data/PlantCLEF2024singleplanttrainingdata/train/1396710/d03b85dd5a41101c3664a13a6f8343a42ec84d9c.jpg"
"f3f1593b884daa782a5037f95fa11b6d4413e18c.jpg";"fruit";"1396710";"1012269961";"cc-by-sa";"";"nyesot10";"156.0";"47.2026812";"18.3853175";"5284517.0";"Taxus baccata L.";"Taxus";"Taxaceae";"plantnet";"plantnet";"https://identify.plantnet.org/fr/k-southwestern-europe/observations/1012269961";"https://bs.plantnet.org/image/o/f3f1593b884daa782a5037f95fa11b6d4413e18c";"train";"https://lab.plantnet.org/LifeCLEF/PlantCLEF2024/single_plant_training_data/PlantCLEF2024singleplanttrainingdata/train/1396710/f3f1593b884daa782a5037f95fa11b6d4413e18c.jpg"
"ef8c1b7d93a8182986461772e0dfd441777357de.jpg";"fruit";"1396710";"1005153943";"cc-by-sa";"";"JEREMI";"812.7856";"49.33755204";"20.00465663";"5284517.0";"Taxus baccata L.";"Taxus";"Taxaceae";"plantnet";"plantnet";"https://identify.plantnet.org/fr/k-southwestern-europe/observations/1005153943";"https://bs.plantnet.org/image/o/ef8c1b7d93a8182986461772e0dfd441777357de";"train";"https://lab.plantnet.org/LifeCLEF/PlantCLEF2024/single_plant_training_data/PlantCLEF2024singleplanttrainingdata/train/1396710/ef8c1b7d93a8182986461772e0dfd441777357de.jpg"
"d8367e270d4201cb75c952f3bf4d8eff7fa7976b.jpg";"fruit";"1396710";"1005175044";"cc-by-sa";"";"m Celik";"";"";"";"5284517.0";"Taxus baccata L.";"Taxus";"Taxaceae";"plantnet";"plantnet";"https://identify.plantnet.org/fr/k-southwestern-europe/observations/1005175044";"https://bs.plantnet.org/image/o/d8367e270d4201cb75c952f3bf4d8eff7fa7976b";"train";"https://lab.plantnet.org/LifeCLEF/PlantCLEF2024/single_plant_training_data/PlantCLEF2024singleplanttrainingdata/train/1396710/d8367e270d4201cb75c952f3bf4d8eff7fa7976b.jpg"
"422a57e838688bcf98331d3f26694a6787f12f43.jpg";"fruit";"1396710";"1005077016";"cc-by-sa";"";"begines alvaro";"767.2";"37.91240166666667";"-6.818111666666666";"5284517.0";"Taxus baccata L.";"Taxus";"Taxaceae";"plantnet";"plantnet";"https://identify.plantnet.org/fr/k-southwestern-europe/observations/1005077016";"https://bs.plantnet.org/image/o/422a57e838688bcf98331d3f26694a6787f12f43";"train";"https://lab.plantnet.org/LifeCLEF/PlantCLEF2024/single_plant_training_data/PlantCLEF2024singleplanttrainingdata/train/1396710/422a57e838688bcf98331d3f26694a6787f12f43.jpg"
"4d274bfdf5d202accd2f62fc5bfae425f124c22c.jpg";"habit";"1396710";"1003100817";"cc-by-sa";"";"Antonio José Puente-Badía";"25.0";"43.4721767";"-3.80108";"5284517.0";"Taxus baccata L.";"Taxus";"Taxaceae";"plantnet";"plantnet";"https://identify.plantnet.org/fr/k-southwestern-europe/observations/1003100817";"https://bs.plantnet.org/image/o/4d274bfdf5d202accd2f62fc5bfae425f124c22c";"train";"https://lab.plantnet.org/LifeCLEF/PlantCLEF2024/single_plant_training_data/PlantCLEF2024singleplanttrainingdata/train/1396710/4d274bfdf5d202accd2f62fc5bfae425f124c22c.jpg"
"6517df2169d7e6925d9ea055c8f5c1e223b1998c.jpg";"fruit";"1396710";"1001290375";"cc-by-sa";"tela";"Tela Botanica − Dominique REMAUD";"41.0";"47.25721";"-0.07666";"5284517.0";"Taxus baccata L.";"Taxus";"Taxaceae";"plantnet";"plantnet";"https://identify.plantnet.org/fr/k-southwestern-europe/observations/1001290375";"https://bs.plantnet.org/image/o/6517df2169d7e6925d9ea055c8f5c1e223b1998c";"train";"https://lab.plantnet.org/LifeCLEF/PlantCLEF2024/single_plant_training_data/PlantCLEF2024singleplanttrainingdata/train/1396710/6517df2169d7e6925d9ea055c8f5c1e223b1998c.jpg"
"3c0aeec236e785f648017ba6707fa2018daa1cf1.jpg";"flower";"1396710";"1004515397";"cc-by-sa";"";"Gauthier Rodolphe";"4.1";"50.47744666666667";"1.6072366666666666";"5284517.0";"Taxus baccata L.";"Taxus";"Taxaceae";"plantnet";"plantnet";"https://identify.plantnet.org/fr/k-southwestern-europe/observations/1004515397";"https://bs.plantnet.org/image/o/3c0aeec236e785f648017ba6707fa2018daa1cf1";"train";"https://lab.plantnet.org/LifeCLEF/PlantCLEF2024/single_plant_training_data/PlantCLEF2024singleplanttrainingdata/train/1396710/3c0aeec236e785f648017ba6707fa2018daa1cf1.jpg"
"d217f02da80369124c8d8b8172f8d7f5dee670e9.jpg";"habit";"1396710";"1004980391";"cc-by-sa";"";"Sanchez Pilar";"160.0";"43.66131124086678";"1.4714534115046265";"5284517.0";"Taxus baccata L.";"Taxus";"Taxaceae";"plantnet";"plantnet";"https://identify.plantnet.org/fr/k-southwestern-europe/observations/1004980391";"https://bs.plantnet.org/image/o/d217f02da80369124c8d8b8172f8d7f5dee670e9";"train";"https://lab.plantnet.org/LifeCLEF/PlantCLEF2024/single_plant_training_data/PlantCLEF2024singleplanttrainingdata/train/1396710/d217f02da80369124c8d8b8172f8d7f5dee670e9.jpg"
"5b3046d7a16f1d9bc12d2023a2b59959b9c0d409.jpg";"fruit";"1396710";"1004955889";"cc-by-sa";"";"akire kilbuk";"";"";"";"5284517.0";"Taxus baccata L.";"Taxus";"Taxaceae";"plantnet";"plantnet";"https://identify.plantnet.org/fr/k-southwestern-europe/observations/1004955889";"https://bs.plantnet.org/image/o/5b3046d7a16f1d9bc12d2023a2b59959b9c0d409";"train";"https://lab.plantnet.org/LifeCLEF/PlantCLEF2024/single_plant_training_data/PlantCLEF2024singleplanttrainingdata/train/1396710/5b3046d7a16f1d9bc12d2023a2b59959b9c0d409.jpg"
"ff42fe083e041cf72aceaa77c5d7bd7285330a48.jpg";"flower";"1396710";"1016553352";"cc-by-sa";"";"Forked deer";"62.6";"50.721855";"-1.8802883333";"5284517.0";"Taxus baccata L.";"Taxus";"Taxaceae";"plantnet";"plantnet";"https://identify.plantnet.org/fr/k-southwestern-europe/observations/1016553352";"https://bs.plantnet.org/image/o/ff42fe083e041cf72aceaa77c5d7bd7285330a48";"train";"https://lab.plantnet.org/LifeCLEF/PlantCLEF2024/single_plant_training_data/PlantCLEF2024singleplanttrainingdata/train/1396710/ff42fe083e041cf72aceaa77c5d7bd7285330a48.jpg"
"ccb4f882591c5a4a99a94c0230ee2d29b1e8b806.jpg";"bark";"1396710";"1011081684";"cc-by-sa";"";"Stephan Siepke";"50.149";"53.457709";"7.063042";"5284517.0";"Taxus baccata L.";"Taxus";"Taxaceae";"plantnet";"plantnet";"https://identify.plantnet.org/fr/k-southwestern-europe/observations/1011081684";"https://bs.plantnet.org/image/o/ccb4f882591c5a4a99a94c0230ee2d29b1e8b806";"train";"https://lab.plantnet.org/LifeCLEF/PlantCLEF2024/single_plant_training_data/PlantCLEF2024singleplanttrainingdata/train/1396710/ccb4f882591c5a4a99a94c0230ee2d29b1e8b806.jpg"
"bc2843d9850fdfb313dfdcaf381a14ad9403b9fd.jpg";"fruit";"1396710";"1016041070";"cc-by-sa";"";"Turcsek Dušan";"";"";"";"5284517.0";"Taxus baccata L.";"Taxus";"Taxaceae";"plantnet";"plantnet";"https://identify.plantnet.org/fr/k-southwestern-europe/observations/1016041070";"https://bs.plantnet.org/image/o/bc2843d9850fdfb313dfdcaf381a14ad9403b9fd";"train";"https://lab.plantnet.org/LifeCLEF/PlantCLEF2024/single_plant_training_data/PlantCLEF2024singleplanttrainingdata/train/1396710/bc2843d9850fdfb313dfdcaf381a14ad9403b9fd.jpg"
"057d9c27b100d9770fafd55e70346a5e751d44a0.jpg";"flower";"1396710";"1018831974";"cc-by-sa";"";"Deb Fletch";"";"";"";"5284517.0";"Taxus baccata L.";"Taxus";"Taxaceae";"plantnet";"plantnet";"https://identify.plantnet.org/fr/k-southwestern-europe/observations/1018831974";"https://bs.plantnet.org/image/o/057d9c27b100d9770fafd55e70346a5e751d44a0";"train";"https://lab.plantnet.org/LifeCLEF/PlantCLEF2024/single_plant_training_data/PlantCLEF2024singleplanttrainingdata/train/1396710/057d9c27b100d9770fafd55e70346a5e751d44a0.jpg"
"94ccd209ab0bdcef706835f0dcc0607d523c6ea8.jpg";"fruit";"1396710";"1008053869";"cc-by-sa";"";"Carolina Molenaar";"47.0";"52.35027777777778";"4.8966666666666665";"5284517.0";"Taxus baccata L.";"Taxus";"Taxaceae";"plantnet";"plantnet";"https://identify.plantnet.org/fr/k-southwestern-europe/observations/1008053869";"https://bs.plantnet.org/image/o/94ccd209ab0bdcef706835f0dcc0607d523c6ea8";"train";"https://lab.plantnet.org/LifeCLEF/PlantCLEF2024/single_plant_training_data/PlantCLEF2024singleplanttrainingdata/train/1396710/94ccd209ab0bdcef706835f0dcc0607d523c6ea8.jpg"
"96deea380eace00284f046345ead4d4ea3dd4245.jpg";"bark";"1396710";"1001360280";"cc-by-sa";"";"Tara Conler";"227.0";"41.8781136";"-87.6297982";"5284517.0";"Taxus baccata L.";"Taxus";"Taxaceae";"plantnet";"plantnet";"https://identify.plantnet.org/fr/k-southwestern-europe/observations/1001360280";"https://bs.plantnet.org/image/o/96deea380eace00284f046345ead4d4ea3dd4245";"train";"https://lab.plantnet.org/LifeCLEF/PlantCLEF2024/single_plant_training_data/PlantCLEF2024singleplanttrainingdata/train/1396710/96deea380eace00284f046345ead4d4ea3dd4245.jpg"
"e37682ce382d17607e4baee81deece3b2c473e49.jpg";"fruit";"1396710";"1012717498";"cc-by-sa";"";"sandygee";"182.0";"48.96029444444445";"9.134305555555557";"5284517.0";"Taxus baccata L.";"Taxus";"Taxaceae";"plantnet";"plantnet";"https://identify.plantnet.org/fr/k-southwestern-europe/observations/1012717498";"https://bs.plantnet.org/image/o/e37682ce382d17607e4baee81deece3b2c473e49";"train";"https://lab.plantnet.org/LifeCLEF/PlantCLEF2024/single_plant_training_data/PlantCLEF2024singleplanttrainingdata/train/1396710/e37682ce382d17607e4baee81deece3b2c473e49.jpg"
"b9c3dad10ab4fb579c589fbcb4780b1827ec771a.jpg";"flower";"1396710";"1010508942";"cc-by-sa";"";"Ken Ztopolovky";"";"";"";"5284517.0";"Taxus baccata L.";"Taxus";"Taxaceae";"plantnet";"plantnet";"https://identify.plantnet.org/fr/k-southwestern-europe/observations/1010508942";"https://bs.plantnet.org/image/o/b9c3dad10ab4fb579c589fbcb4780b1827ec771a";"train";"https://lab.plantnet.org/LifeCLEF/PlantCLEF2024/single_plant_training_data/PlantCLEF2024singleplanttrainingdata/train/1396710/b9c3dad10ab4fb579c589fbcb4780b1827ec771a.jpg"
"6f5d6df9b91f3c20ad7c383b5540ed224c98b161.jpg";"fruit";"1396710";"1012017218";"cc-by-sa";"";"boroda.bobra";"217.705";"50.77893099972222";"14.208899799722222";"5284517.0";"Taxus baccata L.";"Taxus";"Taxaceae";"plantnet";"plantnet";"https://identify.plantnet.org/fr/k-southwestern-europe/observations/1012017218";"https://bs.plantnet.org/image/o/6f5d6df9b91f3c20ad7c383b5540ed224c98b161";"train";"https://lab.plantnet.org/LifeCLEF/PlantCLEF2024/single_plant_training_data/PlantCLEF2024singleplanttrainingdata/train/1396710/6f5d6df9b91f3c20ad7c383b5540ed224c98b161.jpg"
"aa07574d6334e5e4c57688a0ea57204e8da3d7e7.jpg";"fruit";"1396710";"1001429468";"cc-by-sa";"";"xrisfiss";"85.0";"43.7636443";"11.2651623";"5284517.0";"Taxus baccata L.";"Taxus";"Taxaceae";"plantnet";"plantnet";"https://identify.plantnet.org/fr/k-southwestern-europe/observations/1001429468";"https://bs.plantnet.org/image/o/aa07574d6334e5e4c57688a0ea57204e8da3d7e7";"train";"https://lab.plantnet.org/LifeCLEF/PlantCLEF2024/single_plant_training_data/PlantCLEF2024singleplanttrainingdata/train/1396710/aa07574d6334e5e4c57688a0ea57204e8da3d7e7.jpg"
"6821b67e3868899ea956d0725e420f15061227ae.jpg";"bark";"1396710";"1016276150";"cc-by-sa";"";"raquel.ariza";"42.1684";"43.8946543697";"-0.5001348623";"5284517.0";"Taxus baccata L.";"Taxus";"Taxaceae";"plantnet";"plantnet";"https://identify.plantnet.org/fr/k-southwestern-europe/observations/1016276150";"https://bs.plantnet.org/image/o/6821b67e3868899ea956d0725e420f15061227ae";"train";"https://lab.plantnet.org/LifeCLEF/PlantCLEF2024/single_plant_training_data/PlantCLEF2024singleplanttrainingdata/train/1396710/6821b67e3868899ea956d0725e420f15061227ae.jpg"
"19c0776fd26033dac03f40dc93dd95efb3c92cb8.jpg";"fruit";"1396710";"1019025050";"cc-by-sa";"";"Jacek Izydorczyk";"223.8554";"49.10728443";"17.46534298";"5284517.0";"Taxus baccata L.";"Taxus";"Taxaceae";"plantnet";"plantnet";"https://identify.plantnet.org/fr/k-southwestern-europe/observations/1019025050";"https://bs.plantnet.org/image/o/19c0776fd26033dac03f40dc93dd95efb3c92cb8";"train";"https://lab.plantnet.org/LifeCLEF/PlantCLEF2024/single_plant_training_data/PlantCLEF2024singleplanttrainingdata/train/1396710/19c0776fd26033dac03f40dc93dd95efb3c92cb8.jpg"
"37de7e723e3bc37feadc93e04f18cb27ddc448f7.jpg";"fruit";"1396710";"1001292179";"cc-by-sa";"";"Pep Secem";"";"";"";"5284517.0";"Taxus baccata L.";"Taxus";"Taxaceae";"plantnet";"plantnet";"https://identify.plantnet.org/fr/k-southwestern-europe/observations/1001292179";"https://bs.plantnet.org/image/o/37de7e723e3bc37feadc93e04f18cb27ddc448f7";"train";"https://lab.plantnet.org/LifeCLEF/PlantCLEF2024/single_plant_training_data/PlantCLEF2024singleplanttrainingdata/train/1396710/37de7e723e3bc37feadc93e04f18cb27ddc448f7.jpg"
"4d3b197812a6a0ac287bc9052970f90171892d2a.jpg";"fruit";"1396710";"1003043760";"cc-by-sa";"";"Angelo Scaccabarozzi";"156.0";"45.5402223";"10.228455";"5284517.0";"Taxus baccata L.";"Taxus";"Taxaceae";"plantnet";"plantnet";"https://identify.plantnet.org/fr/k-southwestern-europe/observations/1003043760";"https://bs.plantnet.org/image/o/4d3b197812a6a0ac287bc9052970f90171892d2a";"train";"https://lab.plantnet.org/LifeCLEF/PlantCLEF2024/single_plant_training_data/PlantCLEF2024singleplanttrainingdata/train/1396710/4d3b197812a6a0ac287bc9052970f90171892d2a.jpg"
"59a951478303adefb295c95394c5e10350184e96.jpg";"habit";"1396710";"1003678794";"cc-by-sa";"";"HG Hoffmann";"14.6";"54.306099652312696";"10.084894504398108";"5284517.0";"Taxus baccata L.";"Taxus";"Taxaceae";"plantnet";"plantnet";"https://identify.plantnet.org/fr/k-southwestern-europe/observations/1003678794";"https://bs.plantnet.org/image/o/59a951478303adefb295c95394c5e10350184e96";"train";"https://lab.plantnet.org/LifeCLEF/PlantCLEF2024/single_plant_training_data/PlantCLEF2024singleplanttrainingdata/train/1396710/59a951478303adefb295c95394c5e10350184e96.jpg"
"6a5e22698ca28d24b5bbe792b7a4489c41dc6dfa.jpg";"bark";"1396710";"1003545033";"cc-by-sa";"";"Ahmed Ghedjatti";"";"";"";"5284517.0";"Taxus baccata L.";"Taxus";"Taxaceae";"plantnet";"plantnet";"https://identify.plantnet.org/fr/k-southwestern-europe/observations/1003545033";"https://bs.plantnet.org/image/o/6a5e22698ca28d24b5bbe792b7a4489c41dc6dfa";"train";"https://lab.plantnet.org/LifeCLEF/PlantCLEF2024/single_plant_training_data/PlantCLEF2024singleplanttrainingdata/train/1396710/6a5e22698ca28d24b5bbe792b7a4489c41dc6dfa.jpg"
"ba223a9cc71cfb1a35a6312edb865c590fa71082.jpg";"bark";"1396710";"1003950320";"cc-by-sa";"";"NICOLAS VERON";"87.0";"49.28722222222222";"2.479444444444445";"5284517.0";"Taxus baccata L.";"Taxus";"Taxaceae";"plantnet";"plantnet";"https://identify.plantnet.org/fr/k-southwestern-europe/observations/1003950320";"https://bs.plantnet.org/image/o/ba223a9cc71cfb1a35a6312edb865c590fa71082";"train";"https://lab.plantnet.org/LifeCLEF/PlantCLEF2024/single_plant_training_data/PlantCLEF2024singleplanttrainingdata/train/1396710/ba223a9cc71cfb1a35a6312edb865c590fa71082.jpg"
"bf3e5090e1c71ee17e9029e550beefff47e1a4c2.jpg";"flower";"1396710";"1003599124";"cc-by-sa";"";"Julie";"149.0";"43.5947921";"1.4533868";"5284517.0";"Taxus baccata L.";"Taxus";"Taxaceae";"plantnet";"plantnet";"https://identify.plantnet.org/fr/k-southwestern-europe/observations/1003599124";"https://bs.plantnet.org/image/o/bf3e5090e1c71ee17e9029e550beefff47e1a4c2";"train";"https://lab.plantnet.org/LifeCLEF/PlantCLEF2024/single_plant_training_data/PlantCLEF2024singleplanttrainingdata/train/1396710/bf3e5090e1c71ee17e9029e550beefff47e1a4c2.jpg"
"dabb51b5360009fb8f01495c400dac757e81efc9.jpg";"bark";"1396710";"1015678864";"cc-by-sa";"";"Victor Mathis";"";"";"";"5284517.0";"Taxus baccata L.";"Taxus";"Taxaceae";"plantnet";"plantnet";"https://identify.plantnet.org/fr/k-southwestern-europe/observations/1015678864";"https://bs.plantnet.org/image/o/dabb51b5360009fb8f01495c400dac757e81efc9";"train";"https://lab.plantnet.org/LifeCLEF/PlantCLEF2024/single_plant_training_data/PlantCLEF2024singleplanttrainingdata/train/1396710/dabb51b5360009fb8f01495c400dac757e81efc9.jpg"
"4f4cdeb488eaff0eacbef50e21b7dae13734f556.jpg";"bark";"1396710";"1008666214";"cc-by-sa";"";"Aaron Root";"41.0148";"40.34685255";"-75.93080975";"5284517.0";"Taxus baccata L.";"Taxus";"Taxaceae";"plantnet";"plantnet";"https://identify.plantnet.org/fr/k-southwestern-europe/observations/1008666214";"https://bs.plantnet.org/image/o/4f4cdeb488eaff0eacbef50e21b7dae13734f556";"train";"https://lab.plantnet.org/LifeCLEF/PlantCLEF2024/single_plant_training_data/PlantCLEF2024singleplanttrainingdata/train/1396710/4f4cdeb488eaff0eacbef50e21b7dae13734f556.jpg"
"fd34b343b10b261d87b3b8dbc6f8d214b1389307.jpg";"flower";"1396710";"1012588035";"cc-by-sa";"";"Else Nolden";"256.2";"51.15642777777778";"7.087377777777777";"5284517.0";"Taxus baccata L.";"Taxus";"Taxaceae";"plantnet";"plantnet";"https://identify.plantnet.org/fr/k-southwestern-europe/observations/1012588035";"https://bs.plantnet.org/image/o/fd34b343b10b261d87b3b8dbc6f8d214b1389307";"test";"https://lab.plantnet.org/LifeCLEF/PlantCLEF2024/single_plant_training_data/PlantCLEF2024singleplanttrainingdata/test/1396710/fd34b343b10b261d87b3b8dbc6f8d214b1389307.jpg"
"ff7852b64a081baefa66f2fbf60430513bc9ed4f.jpg";"flower";"1396710";"1015901859";"cc-by-sa";"";"Stéphanie Pacitto";"";"";"";"5284517.0";"Taxus baccata L.";"Taxus";"Taxaceae";"plantnet";"plantnet";"https://identify.plantnet.org/fr/k-southwestern-europe/observations/1015901859";"https://bs.plantnet.org/image/o/ff7852b64a081baefa66f2fbf60430513bc9ed4f";"train";"https://lab.plantnet.org/LifeCLEF/PlantCLEF2024/single_plant_training_data/PlantCLEF2024singleplanttrainingdata/train/1396710/ff7852b64a081baefa66f2fbf60430513bc9ed4f.jpg"
"e2585fec960e2c1c229480a4afc3dc0a1b4a2a0c.jpg";"flower";"1396710";"1005801617";"cc-by-sa";"";"C. K.";"45.0";"51.55982588888889";"6.970806111111111";"5284517.0";"Taxus baccata L.";"Taxus";"Taxaceae";"plantnet";"plantnet";"https://identify.plantnet.org/fr/k-southwestern-europe/observations/1005801617";"https://bs.plantnet.org/image/o/e2585fec960e2c1c229480a4afc3dc0a1b4a2a0c";"train";"https://lab.plantnet.org/LifeCLEF/PlantCLEF2024/single_plant_training_data/PlantCLEF2024singleplanttrainingdata/train/1396710/e2585fec960e2c1c229480a4afc3dc0a1b4a2a0c.jpg"
"45cc8555a2d7b810107fcfc7759159d427f8af1f.jpg";"bark";"1396710";"1015897496";"cc-by-sa";"";"Max Herbo";"";"";"";"5284517.0";"Taxus baccata L.";"Taxus";"Taxaceae";"plantnet";"plantnet";"https://identify.plantnet.org/fr/k-southwestern-europe/observations/1015897496";"https://bs.plantnet.org/image/o/45cc8555a2d7b810107fcfc7759159d427f8af1f";"train";"https://lab.plantnet.org/LifeCLEF/PlantCLEF2024/single_plant_training_data/PlantCLEF2024singleplanttrainingdata/train/1396710/45cc8555a2d7b810107fcfc7759159d427f8af1f.jpg"
"b67a65351e0a76232332ee6783f1e64587cec175.jpg";"bark";"1396710";"1018555177";"cc-by-sa";"";"jean-luc";"99.4768";"47.9051499299";"1.9400422758";"5284517.0";"Taxus baccata L.";"Taxus";"Taxaceae";"plantnet";"plantnet";"https://identify.plantnet.org/fr/k-southwestern-europe/observations/1018555177";"https://bs.plantnet.org/image/o/b67a65351e0a76232332ee6783f1e64587cec175";"train";"https://lab.plantnet.org/LifeCLEF/PlantCLEF2024/single_plant_training_data/PlantCLEF2024singleplanttrainingdata/train/1396710/b67a65351e0a76232332ee6783f1e64587cec175.jpg"
"4ed5d66e0caa0cc6ddd07fbed5d78c9d9c50d2d3.jpg";"bark";"1396710";"1001291537";"cc-by-sa";"";"Thomas Melan";"198.0";"48.18075";"16.31522";"5284517.0";"Taxus baccata L.";"Taxus";"Taxaceae";"plantnet";"plantnet";"https://identify.plantnet.org/fr/k-southwestern-europe/observations/1001291537";"https://bs.plantnet.org/image/o/4ed5d66e0caa0cc6ddd07fbed5d78c9d9c50d2d3";"train";"https://lab.plantnet.org/LifeCLEF/PlantCLEF2024/single_plant_training_data/PlantCLEF2024singleplanttrainingdata/train/1396710/4ed5d66e0caa0cc6ddd07fbed5d78c9d9c50d2d3.jpg"
"b5a88e8dca623cb68223404ce0ec1b8457d00bae.jpg";"flower";"1396710";"1009906316";"cc-by-sa";"";"ben vc";"";"";"";"5284517.0";"Taxus baccata L.";"Taxus";"Taxaceae";"plantnet";"plantnet";"https://identify.plantnet.org/fr/k-southwestern-europe/observations/1009906316";"https://bs.plantnet.org/image/o/b5a88e8dca623cb68223404ce0ec1b8457d00bae";"train";"https://lab.plantnet.org/LifeCLEF/PlantCLEF2024/single_plant_training_data/PlantCLEF2024singleplanttrainingdata/train/1396710/b5a88e8dca623cb68223404ce0ec1b8457d00bae.jpg"
"6f6be035afef4931ff453d83c016ac2182dfb156.jpg";"bark";"1396710";"1007872535";"cc-by-sa";"";"innocent nicolus";"94.7076";"47.8962959075";"-1.7540357144";"5284517.0";"Taxus baccata L.";"Taxus";"Taxaceae";"plantnet";"plantnet";"https://identify.plantnet.org/fr/k-southwestern-europe/observations/1007872535";"https://bs.plantnet.org/image/o/6f6be035afef4931ff453d83c016ac2182dfb156";"train";"https://lab.plantnet.org/LifeCLEF/PlantCLEF2024/single_plant_training_data/PlantCLEF2024singleplanttrainingdata/train/1396710/6f6be035afef4931ff453d83c016ac2182dfb156.jpg"
"c7678c79a86784fb5c89ac00c452abf48c75959d.jpg";"habit";"1396710";"1003416237";"cc-by-sa";"";"Marta Abalo";"407.0";"43.3803244";"-5.8686686";"5284517.0";"Taxus baccata L.";"Taxus";"Taxaceae";"plantnet";"plantnet";"https://identify.plantnet.org/fr/k-southwestern-europe/observations/1003416237";"https://bs.plantnet.org/image/o/c7678c79a86784fb5c89ac00c452abf48c75959d";"train";"https://lab.plantnet.org/LifeCLEF/PlantCLEF2024/single_plant_training_data/PlantCLEF2024singleplanttrainingdata/train/1396710/c7678c79a86784fb5c89ac00c452abf48c75959d.jpg"
"90973976368fa65564d305e7014b334e58c98344.jpg";"bark";"1396710";"1001405170";"cc-by-sa";"";"Tara Conler";"";"";"";"5284517.0";"Taxus baccata L.";"Taxus";"Taxaceae";"plantnet";"plantnet";"https://identify.plantnet.org/fr/k-southwestern-europe/observations/1001405170";"https://bs.plantnet.org/image/o/90973976368fa65564d305e7014b334e58c98344";"train";"https://lab.plantnet.org/LifeCLEF/PlantCLEF2024/single_plant_training_data/PlantCLEF2024singleplanttrainingdata/train/1396710/90973976368fa65564d305e7014b334e58c98344.jpg"
"f182e26186b24d1641811c198e67d4bf669abd9a.jpg";"bark";"1396710";"1006945892";"cc-by-sa";"";"Berna Plantitas";"755.8088";"38.99024175";"-1.86516608";"5284517.0";"Taxus baccata L.";"Taxus";"Taxaceae";"plantnet";"plantnet";"https://identify.plantnet.org/fr/k-southwestern-europe/observations/1006945892";"https://bs.plantnet.org/image/o/f182e26186b24d1641811c198e67d4bf669abd9a";"train";"https://lab.plantnet.org/LifeCLEF/PlantCLEF2024/single_plant_training_data/PlantCLEF2024singleplanttrainingdata/train/1396710/f182e26186b24d1641811c198e67d4bf669abd9a.jpg"
"ed69021aeaab25290d672d2edb54e35c8dff5c68.jpg";"flower";"1396710";"1016647957";"cc-by-sa";"";"Jacques Maréchal";"";"";"";"5284517.0";"Taxus baccata L.";"Taxus";"Taxaceae";"plantnet";"plantnet";"https://identify.plantnet.org/fr/k-southwestern-europe/observations/1016647957";"https://bs.plantnet.org/image/o/ed69021aeaab25290d672d2edb54e35c8dff5c68";"train";"https://lab.plantnet.org/LifeCLEF/PlantCLEF2024/single_plant_training_data/PlantCLEF2024singleplanttrainingdata/train/1396710/ed69021aeaab25290d672d2edb54e35c8dff5c68.jpg"
"e565a04e167fe2a715dcdee31ab2e7274e8ff994.jpg";"bark";"1396710";"1020317729";"cc-by-sa";"";"Thérèse Petit Seiller";"177.0";"47.00431319972222";"-0.7494426999999999";"5284517.0";"Taxus baccata L.";"Taxus";"Taxaceae";"plantnet";"plantnet";"https://identify.plantnet.org/fr/k-southwestern-europe/observations/1020317729";"https://bs.plantnet.org/image/o/e565a04e167fe2a715dcdee31ab2e7274e8ff994";"train";"https://lab.plantnet.org/LifeCLEF/PlantCLEF2024/single_plant_training_data/PlantCLEF2024singleplanttrainingdata/train/1396710/e565a04e167fe2a715dcdee31ab2e7274e8ff994.jpg"
"afb83d32cca01ad422f3c17474dc7049bada0e91.jpg";"bark";"1396710";"1010427744";"cc-by-sa";"";"Sóvirág Estike";"390.0";"47.498199125";"18.993840347222225";"5284517.0";"Taxus baccata L.";"Taxus";"Taxaceae";"plantnet";"plantnet";"https://identify.plantnet.org/fr/k-southwestern-europe/observations/1010427744";"https://bs.plantnet.org/image/o/afb83d32cca01ad422f3c17474dc7049bada0e91";"train";"https://lab.plantnet.org/LifeCLEF/PlantCLEF2024/single_plant_training_data/PlantCLEF2024singleplanttrainingdata/train/1396710/afb83d32cca01ad422f3c17474dc7049bada0e91.jpg"
"d6f9e0be64a0eba4a9d125e9248f8fbaf2405318.jpg";"bark";"1396710";"1008150245";"cc-by-sa";"";"michel jossen";"";"";"";"5284517.0";"Taxus baccata L.";"Taxus";"Taxaceae";"plantnet";"plantnet";"https://identify.plantnet.org/fr/k-southwestern-europe/observations/1008150245";"https://bs.plantnet.org/image/o/d6f9e0be64a0eba4a9d125e9248f8fbaf2405318";"train";"https://lab.plantnet.org/LifeCLEF/PlantCLEF2024/single_plant_training_data/PlantCLEF2024singleplanttrainingdata/train/1396710/d6f9e0be64a0eba4a9d125e9248f8fbaf2405318.jpg"
"42c5186623942a457900ef7c8cb53ec9afd0c694.jpg";"bark";"1396710";"1006064461";"cc-by-sa";"";"estelau";"";"";"";"5284517.0";"Taxus baccata L.";"Taxus";"Taxaceae";"plantnet";"plantnet";"https://identify.plantnet.org/fr/k-southwestern-europe/observations/1006064461";"https://bs.plantnet.org/image/o/42c5186623942a457900ef7c8cb53ec9afd0c694";"train";"https://lab.plantnet.org/LifeCLEF/PlantCLEF2024/single_plant_training_data/PlantCLEF2024singleplanttrainingdata/train/1396710/42c5186623942a457900ef7c8cb53ec9afd0c694.jpg"
"1be9089d932a62bfb171997042c809d5e4b5eca6.jpg";"habit";"1396710";"1009567816";"cc-by-sa";"";"Berzal Felipe";"";"";"";"5284517.0";"Taxus baccata L.";"Taxus";"Taxaceae";"plantnet";"plantnet";"https://identify.plantnet.org/fr/k-southwestern-europe/observations/1009567816";"https://bs.plantnet.org/image/o/1be9089d932a62bfb171997042c809d5e4b5eca6";"train";"https://lab.plantnet.org/LifeCLEF/PlantCLEF2024/single_plant_training_data/PlantCLEF2024singleplanttrainingdata/train/1396710/1be9089d932a62bfb171997042c809d5e4b5eca6.jpg"
"0f96082f0b320b02bb1b193676adaf2be0861a92.jpg";"bark";"1396710";"1006482807";"cc-by-sa";"";"jerome jourdois";"";"";"";"5284517.0";"Taxus baccata L.";"Taxus";"Taxaceae";"plantnet";"plantnet";"https://identify.plantnet.org/fr/k-southwestern-europe/observations/1006482807";"https://bs.plantnet.org/image/o/0f96082f0b320b02bb1b193676adaf2be0861a92";"train";"https://lab.plantnet.org/LifeCLEF/PlantCLEF2024/single_plant_training_data/PlantCLEF2024singleplanttrainingdata/train/1396710/0f96082f0b320b02bb1b193676adaf2be0861a92.jpg"
"7b1e3d6dcd2cfac0453a57b7e8db1a533e58b9a0.jpg";"flower";"1396710";"1015928686";"cc-by-sa";"";"Natascha Ljubic";"";"";"";"5284517.0";"Taxus baccata L.";"Taxus";"Taxaceae";"plantnet";"plantnet";"https://identify.plantnet.org/fr/k-southwestern-europe/observations/1015928686";"https://bs.plantnet.org/image/o/7b1e3d6dcd2cfac0453a57b7e8db1a533e58b9a0";"train";"https://lab.plantnet.org/LifeCLEF/PlantCLEF2024/single_plant_training_data/PlantCLEF2024singleplanttrainingdata/train/1396710/7b1e3d6dcd2cfac0453a57b7e8db1a533e58b9a0.jpg"
"415f85b97a95c290cfcdc3026a2963759f3d844d.jpg";"flower";"1396710";"1009744191";"cc-by-sa";"";"Fabi";"";"";"";"5284517.0";"Taxus baccata L.";"Taxus";"Taxaceae";"plantnet";"plantnet";"https://identify.plantnet.org/fr/k-southwestern-europe/observations/1009744191";"https://bs.plantnet.org/image/o/415f85b97a95c290cfcdc3026a2963759f3d844d";"train";"https://lab.plantnet.org/LifeCLEF/PlantCLEF2024/single_plant_training_data/PlantCLEF2024singleplanttrainingdata/train/1396710/415f85b97a95c290cfcdc3026a2963759f3d844d.jpg"
"cf5e2910f8efd6a465e8c372e6555e5fcc392207.jpg";"flower";"1396710";"1011237494";"cc-by-sa";"";"helmova Lýdia";"224.13";"48.317985534444446";"18.086164474444445";"5284517.0";"Taxus baccata L.";"Taxus";"Taxaceae";"plantnet";"plantnet";"https://identify.plantnet.org/fr/k-southwestern-europe/observations/1011237494";"https://bs.plantnet.org/image/o/cf5e2910f8efd6a465e8c372e6555e5fcc392207";"train";"https://lab.plantnet.org/LifeCLEF/PlantCLEF2024/single_plant_training_data/PlantCLEF2024singleplanttrainingdata/train/1396710/cf5e2910f8efd6a465e8c372e6555e5fcc392207.jpg"
"fa273ceb11dc4f71dcd5cf95541b497d87f8341b.jpg";"branch";"1396710";"1001288159";"cc-by-sa";"tela";"Tela Botanica − Nicolas Brousse";"38.0";"48.8704";"2.24982";"5284517.0";"Taxus baccata L.";"Taxus";"Taxaceae";"plantnet";"plantnet";"https://identify.plantnet.org/fr/k-southwestern-europe/observations/1001288159";"https://bs.plantnet.org/image/o/fa273ceb11dc4f71dcd5cf95541b497d87f8341b";"train";"https://lab.plantnet.org/LifeCLEF/PlantCLEF2024/single_plant_training_data/PlantCLEF2024singleplanttrainingdata/train/1396710/fa273ceb11dc4f71dcd5cf95541b497d87f8341b.jpg"
"cab0938bdce631feac8cfdbed3e7a0e289dbbe96.jpg";"habit";"1396710";"1005176526";"cc-by-sa";"";"Pakeroğlu Sude";"";"";"";"5284517.0";"Taxus baccata L.";"Taxus";"Taxaceae";"plantnet";"plantnet";"https://identify.plantnet.org/fr/k-southwestern-europe/observations/1005176526";"https://bs.plantnet.org/image/o/cab0938bdce631feac8cfdbed3e7a0e289dbbe96";"train";"https://lab.plantnet.org/LifeCLEF/PlantCLEF2024/single_plant_training_data/PlantCLEF2024singleplanttrainingdata/train/1396710/cab0938bdce631feac8cfdbed3e7a0e289dbbe96.jpg"
"debdb98b51c56483d9676fcd6399ef2cd23a5be3.jpg";"bark";"1396710";"1005294275";"cc-by-sa";"";"Mireille Lucas";"114.0";"50.88805555555555";"4.349444444444444";"5284517.0";"Taxus baccata L.";"Taxus";"Taxaceae";"plantnet";"plantnet";"https://identify.plantnet.org/fr/k-southwestern-europe/observations/1005294275";"https://bs.plantnet.org/image/o/debdb98b51c56483d9676fcd6399ef2cd23a5be3";"train";"https://lab.plantnet.org/LifeCLEF/PlantCLEF2024/single_plant_training_data/PlantCLEF2024singleplanttrainingdata/train/1396710/debdb98b51c56483d9676fcd6399ef2cd23a5be3.jpg"
"bb30d6f0398a3e033b13a8c5a1323eb28f93d601.jpg";"bark";"1396710";"1005830300";"cc-by-sa";"";"Lua Taillandier";"128.0";"49.2291770875";"4.0525442362";"5284517.0";"Taxus baccata L.";"Taxus";"Taxaceae";"plantnet";"plantnet";"https://identify.plantnet.org/fr/k-southwestern-europe/observations/1005830300";"https://bs.plantnet.org/image/o/bb30d6f0398a3e033b13a8c5a1323eb28f93d601";"train";"https://lab.plantnet.org/LifeCLEF/PlantCLEF2024/single_plant_training_data/PlantCLEF2024singleplanttrainingdata/train/1396710/bb30d6f0398a3e033b13a8c5a1323eb28f93d601.jpg"
"c4a183284705f7cb76a05847a52c57a687ce09dd.jpg";"bark";"1396710";"1003362692";"cc-by-sa";"";"Roger Oechslin";"665.0";"46.6927604675293";"7.682829856872559";"5284517.0";"Taxus baccata L.";"Taxus";"Taxaceae";"plantnet";"plantnet";"https://identify.plantnet.org/fr/k-southwestern-europe/observations/1003362692";"https://bs.plantnet.org/image/o/c4a183284705f7cb76a05847a52c57a687ce09dd";"train";"https://lab.plantnet.org/LifeCLEF/PlantCLEF2024/single_plant_training_data/PlantCLEF2024singleplanttrainingdata/train/1396710/c4a183284705f7cb76a05847a52c57a687ce09dd.jpg"
"acc9217d0ebefbb98619445ef713080891e47167.jpg";"bark";"1396710";"1012729500";"cc-by-sa";"";"Aamir Shakeel";"";"";"";"5284517.0";"Taxus baccata L.";"Taxus";"Taxaceae";"plantnet";"plantnet";"https://identify.plantnet.org/fr/k-southwestern-europe/observations/1012729500";"https://bs.plantnet.org/image/o/acc9217d0ebefbb98619445ef713080891e47167";"train";"https://lab.plantnet.org/LifeCLEF/PlantCLEF2024/single_plant_training_data/PlantCLEF2024singleplanttrainingdata/train/1396710/acc9217d0ebefbb98619445ef713080891e47167.jpg"
"bac3282b4906e776b6046abd7bb9c59dfe693cf0.jpg";"habit";"1396710";"1004384601";"cc-by-sa";"";"Richard Winandy";"181.84";"50.88427352888889";"6.028859615277778";"5284517.0";"Taxus baccata L.";"Taxus";"Taxaceae";"plantnet";"plantnet";"https://identify.plantnet.org/fr/k-southwestern-europe/observations/1004384601";"https://bs.plantnet.org/image/o/bac3282b4906e776b6046abd7bb9c59dfe693cf0";"train";"https://lab.plantnet.org/LifeCLEF/PlantCLEF2024/single_plant_training_data/PlantCLEF2024singleplanttrainingdata/train/1396710/bac3282b4906e776b6046abd7bb9c59dfe693cf0.jpg"
"f8d0c936937a587bbef9fb872ca165e1a6f2e997.jpg";"bark";"1396710";"1002020649";"cc-by-sa";"";"Ani Vern";"30.0";"47.24361038208008";"-0.0777777805924415";"5284517.0";"Taxus baccata L.";"Taxus";"Taxaceae";"plantnet";"plantnet";"https://identify.plantnet.org/fr/k-southwestern-europe/observations/1002020649";"https://bs.plantnet.org/image/o/f8d0c936937a587bbef9fb872ca165e1a6f2e997";"train";"https://lab.plantnet.org/LifeCLEF/PlantCLEF2024/single_plant_training_data/PlantCLEF2024singleplanttrainingdata/train/1396710/f8d0c936937a587bbef9fb872ca165e1a6f2e997.jpg"
"f1bd285d9ebd66b390f171962468db8bca8b341e.jpg";"bark";"1396710";"1017562138";"cc-by-sa";"";"crop dust";"41.3867";"51.4155140509";"-2.1175427332";"5284517.0";"Taxus baccata L.";"Taxus";"Taxaceae";"plantnet";"plantnet";"https://identify.plantnet.org/fr/k-southwestern-europe/observations/1017562138";"https://bs.plantnet.org/image/o/f1bd285d9ebd66b390f171962468db8bca8b341e";"train";"https://lab.plantnet.org/LifeCLEF/PlantCLEF2024/single_plant_training_data/PlantCLEF2024singleplanttrainingdata/train/1396710/f1bd285d9ebd66b390f171962468db8bca8b341e.jpg"
"ea56c00fc536895c8a7c2670549ed019cf1b7ec3.jpg";"flower";"1396710";"1015672489";"cc-by-sa";"";"gregor2vladimir";"177.0";"48.13782119444444";"17.200702666666665";"5284517.0";"Taxus baccata L.";"Taxus";"Taxaceae";"plantnet";"plantnet";"https://identify.plantnet.org/fr/k-southwestern-europe/observations/1015672489";"https://bs.plantnet.org/image/o/ea56c00fc536895c8a7c2670549ed019cf1b7ec3";"train";"https://lab.plantnet.org/LifeCLEF/PlantCLEF2024/single_plant_training_data/PlantCLEF2024singleplanttrainingdata/train/1396710/ea56c00fc536895c8a7c2670549ed019cf1b7ec3.jpg"
"3880863ae29ee1569ff50c55e26c0dc4edc0a080.jpg";"bark";"1396710";"1019437490";"cc-by-sa";"";"Maria Grazia Corradi";"175.0";"45.763469694444446";"11.739265416666663";"5284517.0";"Taxus baccata L.";"Taxus";"Taxaceae";"plantnet";"plantnet";"https://identify.plantnet.org/fr/k-southwestern-europe/observations/1019437490";"https://bs.plantnet.org/image/o/3880863ae29ee1569ff50c55e26c0dc4edc0a080";"train";"https://lab.plantnet.org/LifeCLEF/PlantCLEF2024/single_plant_training_data/PlantCLEF2024singleplanttrainingdata/train/1396710/3880863ae29ee1569ff50c55e26c0dc4edc0a080.jpg"
"3da8bba03904ec4337178235ef06e13f9ca22bf3.jpg";"habit";"1396710";"1005154716";"cc-by-sa";"";"Nathalie locreille";"203.4";"49.70487213111112";"4.937407970277778";"5284517.0";"Taxus baccata L.";"Taxus";"Taxaceae";"plantnet";"plantnet";"https://identify.plantnet.org/fr/k-southwestern-europe/observations/1005154716";"https://bs.plantnet.org/image/o/3da8bba03904ec4337178235ef06e13f9ca22bf3";"train";"https://lab.plantnet.org/LifeCLEF/PlantCLEF2024/single_plant_training_data/PlantCLEF2024singleplanttrainingdata/train/1396710/3da8bba03904ec4337178235ef06e13f9ca22bf3.jpg"
"7ce1c2d466e7baeb2be65692a116dd09d000a897.jpg";"bark";"1396710";"1014720244";"cc-by-sa";"";"Niels Van Loo";"69.2672";"49.62931932";"-1.5662247";"5284517.0";"Taxus baccata L.";"Taxus";"Taxaceae";"plantnet";"plantnet";"https://identify.plantnet.org/fr/k-southwestern-europe/observations/1014720244";"https://bs.plantnet.org/image/o/7ce1c2d466e7baeb2be65692a116dd09d000a897";"train";"https://lab.plantnet.org/LifeCLEF/PlantCLEF2024/single_plant_training_data/PlantCLEF2024singleplanttrainingdata/train/1396710/7ce1c2d466e7baeb2be65692a116dd09d000a897.jpg"
"c81622c8f626fc4954dd93c6fb5f81e5c5f97179.jpg";"bark";"1396710";"1012240396";"cc-by-sa";"";"Annemarie Ahrens-Stehle";"";"";"";"5284517.0";"Taxus baccata L.";"Taxus";"Taxaceae";"plantnet";"plantnet";"https://identify.plantnet.org/fr/k-southwestern-europe/observations/1012240396";"https://bs.plantnet.org/image/o/c81622c8f626fc4954dd93c6fb5f81e5c5f97179";"train";"https://lab.plantnet.org/LifeCLEF/PlantCLEF2024/single_plant_training_data/PlantCLEF2024singleplanttrainingdata/train/1396710/c81622c8f626fc4954dd93c6fb5f81e5c5f97179.jpg"
"06c02625ee6d06bd46139ba1f8bdad45cad0be5a.jpg";"bark";"1396710";"1014558564";"cc-by-sa";"";"Felipe";"1596.0";"14.618477666666667";"-90.51583583333333";"5284517.0";"Taxus baccata L.";"Taxus";"Taxaceae";"plantnet";"plantnet";"https://identify.plantnet.org/fr/k-southwestern-europe/observations/1014558564";"https://bs.plantnet.org/image/o/06c02625ee6d06bd46139ba1f8bdad45cad0be5a";"train";"https://lab.plantnet.org/LifeCLEF/PlantCLEF2024/single_plant_training_data/PlantCLEF2024singleplanttrainingdata/train/1396710/06c02625ee6d06bd46139ba1f8bdad45cad0be5a.jpg"
"ae587a52cd7158bd5efdee3014170c2e9cb6f98b.jpg";"bark";"1396710";"1005048409";"cc-by-sa";"";"Nacho Vega";"658.6618";"40.414372063513376";"-3.6866611531450273";"5284517.0";"Taxus baccata L.";"Taxus";"Taxaceae";"plantnet";"plantnet";"https://identify.plantnet.org/fr/k-southwestern-europe/observations/1005048409";"https://bs.plantnet.org/image/o/ae587a52cd7158bd5efdee3014170c2e9cb6f98b";"train";"https://lab.plantnet.org/LifeCLEF/PlantCLEF2024/single_plant_training_data/PlantCLEF2024singleplanttrainingdata/train/1396710/ae587a52cd7158bd5efdee3014170c2e9cb6f98b.jpg"
"e9f01c3f0bcfcf286ac4dffdc8f3b51a75eea904.jpg";"bark";"1396710";"1006410238";"cc-by-sa";"";"Stiff Ale";"274.0";"45.73769469166667";"11.39547723611111";"5284517.0";"Taxus baccata L.";"Taxus";"Taxaceae";"plantnet";"plantnet";"https://identify.plantnet.org/fr/k-southwestern-europe/observations/1006410238";"https://bs.plantnet.org/image/o/e9f01c3f0bcfcf286ac4dffdc8f3b51a75eea904";"train";"https://lab.plantnet.org/LifeCLEF/PlantCLEF2024/single_plant_training_data/PlantCLEF2024singleplanttrainingdata/train/1396710/e9f01c3f0bcfcf286ac4dffdc8f3b51a75eea904.jpg"
"e4208e5b9419d2a40ad5206c4a6686ab1c302a6f.jpg";"habit";"1396710";"1009538280";"cc-by-sa";"";"Landschaftsgärtner";"537.3869";"48.1491471667";"11.6274366667";"5284517.0";"Taxus baccata L.";"Taxus";"Taxaceae";"plantnet";"plantnet";"https://identify.plantnet.org/fr/k-southwestern-europe/observations/1009538280";"https://bs.plantnet.org/image/o/e4208e5b9419d2a40ad5206c4a6686ab1c302a6f";"train";"https://lab.plantnet.org/LifeCLEF/PlantCLEF2024/single_plant_training_data/PlantCLEF2024singleplanttrainingdata/train/1396710/e4208e5b9419d2a40ad5206c4a6686ab1c302a6f.jpg"
"723968344d3ae3869e06af1d4a4628457d54528b.jpg";"bark";"1396710";"1015434523";"cc-by-sa";"";"Banana Bread";"123.468";"50.94093283";"6.87756219";"5284517.0";"Taxus baccata L.";"Taxus";"Taxaceae";"plantnet";"plantnet";"https://identify.plantnet.org/fr/k-southwestern-europe/observations/1015434523";"https://bs.plantnet.org/image/o/723968344d3ae3869e06af1d4a4628457d54528b";"train";"https://lab.plantnet.org/LifeCLEF/PlantCLEF2024/single_plant_training_data/PlantCLEF2024singleplanttrainingdata/train/1396710/723968344d3ae3869e06af1d4a4628457d54528b.jpg"
"7dd93c513ec560694feae1e54365f550246e40af.jpg";"bark";"1396710";"1019336737";"cc-by-sa";"";"Antonio Ontangas";"";"";"";"5284517.0";"Taxus baccata L.";"Taxus";"Taxaceae";"plantnet";"plantnet";"https://identify.plantnet.org/fr/k-southwestern-europe/observations/1019336737";"https://bs.plantnet.org/image/o/7dd93c513ec560694feae1e54365f550246e40af";"train";"https://lab.plantnet.org/LifeCLEF/PlantCLEF2024/single_plant_training_data/PlantCLEF2024singleplanttrainingdata/train/1396710/7dd93c513ec560694feae1e54365f550246e40af.jpg"
"8171012b4e0d3c5fef610a6f9b3fcddf24bb91dc.jpg";"flower";"1396710";"1016471017";"cc-by-sa";"";"Salvatore Salvatore";"241.1";"45.6173048";"9.3604636";"5284517.0";"Taxus baccata L.";"Taxus";"Taxaceae";"plantnet";"plantnet";"https://identify.plantnet.org/fr/k-southwestern-europe/observations/1016471017";"https://bs.plantnet.org/image/o/8171012b4e0d3c5fef610a6f9b3fcddf24bb91dc";"train";"https://lab.plantnet.org/LifeCLEF/PlantCLEF2024/single_plant_training_data/PlantCLEF2024singleplanttrainingdata/train/1396710/8171012b4e0d3c5fef610a6f9b3fcddf24bb91dc.jpg"
"8245acd6decf4a4fd5649158c984c03767f3d644.jpg";"bark";"1396710";"1019790989";"cc-by-sa";"";"Patricia Rallo";"52.6866";"48.8258088999";"2.4156449555";"5284517.0";"Taxus baccata L.";"Taxus";"Taxaceae";"plantnet";"plantnet";"https://identify.plantnet.org/fr/k-southwestern-europe/observations/1019790989";"https://bs.plantnet.org/image/o/8245acd6decf4a4fd5649158c984c03767f3d644";"train";"https://lab.plantnet.org/LifeCLEF/PlantCLEF2024/single_plant_training_data/PlantCLEF2024singleplanttrainingdata/train/1396710/8245acd6decf4a4fd5649158c984c03767f3d644.jpg"
"6b0b3f597f45658662b6731d54e61f26da4afe23.jpg";"bark";"1396710";"1016287869";"cc-by-sa";"";"grzeg pud";"255.425";"50.54504897222222";"18.445176";"5284517.0";"Taxus baccata L.";"Taxus";"Taxaceae";"plantnet";"plantnet";"https://identify.plantnet.org/fr/k-southwestern-europe/observations/1016287869";"https://bs.plantnet.org/image/o/6b0b3f597f45658662b6731d54e61f26da4afe23";"train";"https://lab.plantnet.org/LifeCLEF/PlantCLEF2024/single_plant_training_data/PlantCLEF2024singleplanttrainingdata/train/1396710/6b0b3f597f45658662b6731d54e61f26da4afe23.jpg"
"6190659fc3582f48f2c4eee84f3c501e640deaea.jpg";"flower";"1396710";"1005542657";"cc-by-sa";"";"Estelle Ferrandez";"";"";"";"5284517.0";"Taxus baccata L.";"Taxus";"Taxaceae";"plantnet";"plantnet";"https://identify.plantnet.org/fr/k-southwestern-europe/observations/1005542657";"https://bs.plantnet.org/image/o/6190659fc3582f48f2c4eee84f3c501e640deaea";"train";"https://lab.plantnet.org/LifeCLEF/PlantCLEF2024/single_plant_training_data/PlantCLEF2024singleplanttrainingdata/train/1396710/6190659fc3582f48f2c4eee84f3c501e640deaea.jpg"
"3f6e7613c7979073f1baa9fef6716c83c360473b.jpg";"bark";"1396710";"1020320946";"cc-by-sa";"";"Sylvie Mignerd";"131.1156";"50.1307656477";"8.7038027868";"5284517.0";"Taxus baccata L.";"Taxus";"Taxaceae";"plantnet";"plantnet";"https://identify.plantnet.org/fr/k-southwestern-europe/observations/1020320946";"https://bs.plantnet.org/image/o/3f6e7613c7979073f1baa9fef6716c83c360473b";"train";"https://lab.plantnet.org/LifeCLEF/PlantCLEF2024/single_plant_training_data/PlantCLEF2024singleplanttrainingdata/train/1396710/3f6e7613c7979073f1baa9fef6716c83c360473b.jpg"
"b532ce5983ae9ff991dae295b19369386a113e82.jpg";"bark";"1396710";"1018389870";"cc-by-sa";"";"stephanie m77";"";"";"";"5284517.0";"Taxus baccata L.";"Taxus";"Taxaceae";"plantnet";"plantnet";"https://identify.plantnet.org/fr/k-southwestern-europe/observations/1018389870";"https://bs.plantnet.org/image/o/b532ce5983ae9ff991dae295b19369386a113e82";"train";"https://lab.plantnet.org/LifeCLEF/PlantCLEF2024/single_plant_training_data/PlantCLEF2024singleplanttrainingdata/train/1396710/b532ce5983ae9ff991dae295b19369386a113e82.jpg"
"35f4ec8f8fd2c28c3c0f0f2f1522a842620892f0.jpg";"bark";"1396710";"1004417002";"cc-by-sa";"";"Garcia Raul";"";"";"";"5284517.0";"Taxus baccata L.";"Taxus";"Taxaceae";"plantnet";"plantnet";"https://identify.plantnet.org/fr/k-southwestern-europe/observations/1004417002";"https://bs.plantnet.org/image/o/35f4ec8f8fd2c28c3c0f0f2f1522a842620892f0";"train";"https://lab.plantnet.org/LifeCLEF/PlantCLEF2024/single_plant_training_data/PlantCLEF2024singleplanttrainingdata/train/1396710/35f4ec8f8fd2c28c3c0f0f2f1522a842620892f0.jpg"
"1a36cc2fe596947d1ae0dd9ad34b5caae19b28ec.jpg";"bark";"1396710";"1018316692";"cc-by-sa";"";"Emiliano Piccinelli";"219.9";"45.59156797222222";"9.266469";"5284517.0";"Taxus baccata L.";"Taxus";"Taxaceae";"plantnet";"plantnet";"https://identify.plantnet.org/fr/k-southwestern-europe/observations/1018316692";"https://bs.plantnet.org/image/o/1a36cc2fe596947d1ae0dd9ad34b5caae19b28ec";"train";"https://lab.plantnet.org/LifeCLEF/PlantCLEF2024/single_plant_training_data/PlantCLEF2024singleplanttrainingdata/train/1396710/1a36cc2fe596947d1ae0dd9ad34b5caae19b28ec.jpg"
"e0c5585af54871f9eb3adfce35620d2568b365cb.jpg";"bark";"1396710";"1019914282";"cc-by-sa";"";"Clém Lenglos";"70.0";"50.36768722222222";"3.086268888888889";"5284517.0";"Taxus baccata L.";"Taxus";"Taxaceae";"plantnet";"plantnet";"https://identify.plantnet.org/fr/k-southwestern-europe/observations/1019914282";"https://bs.plantnet.org/image/o/e0c5585af54871f9eb3adfce35620d2568b365cb";"train";"https://lab.plantnet.org/LifeCLEF/PlantCLEF2024/single_plant_training_data/PlantCLEF2024singleplanttrainingdata/train/1396710/e0c5585af54871f9eb3adfce35620d2568b365cb.jpg"
"c127f08e8add329b1bdc355425bfdbc6da176177.jpg";"bark";"1396710";"1008171287";"cc-by-sa";"";"Vanessa Geppert";"61.4071";"53.5720193442";"7.9034795037";"5284517.0";"Taxus baccata L.";"Taxus";"Taxaceae";"plantnet";"plantnet";"https://identify.plantnet.org/fr/k-southwestern-europe/observations/1008171287";"https://bs.plantnet.org/image/o/c127f08e8add329b1bdc355425bfdbc6da176177";"train";"https://lab.plantnet.org/LifeCLEF/PlantCLEF2024/single_plant_training_data/PlantCLEF2024singleplanttrainingdata/train/1396710/c127f08e8add329b1bdc355425bfdbc6da176177.jpg"
"237da1e1447487e71522eafa18ef577cc5566068.jpg";"bark";"1396710";"1012535148";"cc-by-sa";"";"Llongarriu Adriana";"";"";"";"5284517.0";"Taxus baccata L.";"Taxus";"Taxaceae";"plantnet";"plantnet";"https://identify.plantnet.org/fr/k-southwestern-europe/observations/1012535148";"https://bs.plantnet.org/image/o/237da1e1447487e71522eafa18ef577cc5566068";"train";"https://lab.plantnet.org/LifeCLEF/PlantCLEF2024/single_plant_training_data/PlantCLEF2024singleplanttrainingdata/train/1396710/237da1e1447487e71522eafa18ef577cc5566068.jpg"
"a5db9d2a949c866432f439d97403928ff05634f8.jpg";"bark";"1396710";"1015248930";"cc-by-sa";"";"odile le saint";"93.0";"48.00828933333333";"0.192932";"5284517.0";"Taxus baccata L.";"Taxus";"Taxaceae";"plantnet";"plantnet";"https://identify.plantnet.org/fr/k-southwestern-europe/observations/1015248930";"https://bs.plantnet.org/image/o/a5db9d2a949c866432f439d97403928ff05634f8";"train";"https://lab.plantnet.org/LifeCLEF/PlantCLEF2024/single_plant_training_data/PlantCLEF2024singleplanttrainingdata/train/1396710/a5db9d2a949c866432f439d97403928ff05634f8.jpg"
"415e8301caae254b3dbb59c1336944e300a63dad.jpg";"bark";"1396710";"1019511469";"cc-by-sa";"";"Mónika Abos";"";"";"";"5284517.0";"Taxus baccata L.";"Taxus";"Taxaceae";"plantnet";"plantnet";"https://identify.plantnet.org/fr/k-southwestern-europe/observations/1019511469";"https://bs.plantnet.org/image/o/415e8301caae254b3dbb59c1336944e300a63dad";"train";"https://lab.plantnet.org/LifeCLEF/PlantCLEF2024/single_plant_training_data/PlantCLEF2024singleplanttrainingdata/train/1396710/415e8301caae254b3dbb59c1336944e300a63dad.jpg"
"57561f5e8eb7e36c0621a492a8f0daad23772d5b.jpg";"bark";"1396710";"1009587603";"cc-by-sa";"";"Rodriguez Jorge";"47.8181";"52.2697833333";"7.1058055";"5284517.0";"Taxus baccata L.";"Taxus";"Taxaceae";"plantnet";"plantnet";"https://identify.plantnet.org/fr/k-southwestern-europe/observations/1009587603";"https://bs.plantnet.org/image/o/57561f5e8eb7e36c0621a492a8f0daad23772d5b";"train";"https://lab.plantnet.org/LifeCLEF/PlantCLEF2024/single_plant_training_data/PlantCLEF2024singleplanttrainingdata/train/1396710/57561f5e8eb7e36c0621a492a8f0daad23772d5b.jpg"
"383186638123d7657760a57549ea44421f78f57e.jpg";"bark";"1396710";"1016400779";"cc-by-sa";"";"Anaelle Flora";"";"";"";"5284517.0";"Taxus baccata L.";"Taxus";"Taxaceae";"plantnet";"plantnet";"https://identify.plantnet.org/fr/k-southwestern-europe/observations/1016400779";"https://bs.plantnet.org/image/o/383186638123d7657760a57549ea44421f78f57e";"train";"https://lab.plantnet.org/LifeCLEF/PlantCLEF2024/single_plant_training_data/PlantCLEF2024singleplanttrainingdata/train/1396710/383186638123d7657760a57549ea44421f78f57e.jpg"
"532b50cd9b741e67c4fed1959e074f10894aa127.jpg";"bark";"1396710";"1011959952";"cc-by-sa";"";"Annemarie Ahrens-Stehle";"";"";"";"5284517.0";"Taxus baccata L.";"Taxus";"Taxaceae";"plantnet";"plantnet";"https://identify.plantnet.org/fr/k-southwestern-europe/observations/1011959952";"https://bs.plantnet.org/image/o/532b50cd9b741e67c4fed1959e074f10894aa127";"train";"https://lab.plantnet.org/LifeCLEF/PlantCLEF2024/single_plant_training_data/PlantCLEF2024singleplanttrainingdata/train/1396710/532b50cd9b741e67c4fed1959e074f10894aa127.jpg"
"5714e1cc31a3a119665d7f521db876ddebf64052.jpg";"bark";"1396710";"1020656645";"cc-by-sa";"";"eugenie lembcke";"627.9865";"40.4107384393";"-3.691434229";"5284517.0";"Taxus baccata L.";"Taxus";"Taxaceae";"plantnet";"plantnet";"https://identify.plantnet.org/fr/k-southwestern-europe/observations/1020656645";"https://bs.plantnet.org/image/o/5714e1cc31a3a119665d7f521db876ddebf64052";"train";"https://lab.plantnet.org/LifeCLEF/PlantCLEF2024/single_plant_training_data/PlantCLEF2024singleplanttrainingdata/train/1396710/5714e1cc31a3a119665d7f521db876ddebf64052.jpg"
"27f06a5b633e50c4d3f5d5e5ec85c6f887d77ed6.jpg";"bark";"1396710";"1005299185";"cc-by-sa";"";"Sanchez Pilar";"198.0";"43.6616304656";"1.4712380804";"5284517.0";"Taxus baccata L.";"Taxus";"Taxaceae";"plantnet";"plantnet";"https://identify.plantnet.org/fr/k-southwestern-europe/observations/1005299185";"https://bs.plantnet.org/image/o/27f06a5b633e50c4d3f5d5e5ec85c6f887d77ed6";"train";"https://lab.plantnet.org/LifeCLEF/PlantCLEF2024/single_plant_training_data/PlantCLEF2024singleplanttrainingdata/train/1396710/27f06a5b633e50c4d3f5d5e5ec85c6f887d77ed6.jpg"
"5b095d5375ee2b21710e0f20131b04272b79e0ca.jpg";"bark";"1396710";"1008523790";"cc-by-sa";"";"Nickolay Skobelev";"291.0";"42.73388888888889";"19.33361111111111";"5284517.0";"Taxus baccata L.";"Taxus";"Taxaceae";"plantnet";"plantnet";"https://identify.plantnet.org/fr/k-southwestern-europe/observations/1008523790";"https://bs.plantnet.org/image/o/5b095d5375ee2b21710e0f20131b04272b79e0ca";"train";"https://lab.plantnet.org/LifeCLEF/PlantCLEF2024/single_plant_training_data/PlantCLEF2024singleplanttrainingdata/train/1396710/5b095d5375ee2b21710e0f20131b04272b79e0ca.jpg"
"0873762f283e97b91d8967de2f13fa1eadc37bab.jpg";"bark";"1396710";"1005121189";"cc-by-sa";"";"macartim";"125.6263";"45.51483751562119";"9.33049212110123";"5284517.0";"Taxus baccata L.";"Taxus";"Taxaceae";"plantnet";"plantnet";"https://identify.plantnet.org/fr/k-southwestern-europe/observations/1005121189";"https://bs.plantnet.org/image/o/0873762f283e97b91d8967de2f13fa1eadc37bab";"train";"https://lab.plantnet.org/LifeCLEF/PlantCLEF2024/single_plant_training_data/PlantCLEF2024singleplanttrainingdata/train/1396710/0873762f283e97b91d8967de2f13fa1eadc37bab.jpg"
"56053ef09a02a5b24199041d0e6b107293063aea.jpg";"bark";"1396710";"1005139393";"cc-by-sa";"";"Hendrik89";"56.0";"48.56994247222222";"7.758319833333333";"5284517.0";"Taxus baccata L.";"Taxus";"Taxaceae";"plantnet";"plantnet";"https://identify.plantnet.org/fr/k-southwestern-europe/observations/1005139393";"https://bs.plantnet.org/image/o/56053ef09a02a5b24199041d0e6b107293063aea";"train";"https://lab.plantnet.org/LifeCLEF/PlantCLEF2024/single_plant_training_data/PlantCLEF2024singleplanttrainingdata/train/1396710/56053ef09a02a5b24199041d0e6b107293063aea.jpg"
"cbd872db51849accdc909ae6e547f8a8b61e7106.jpg";"bark";"1396710";"1018723687";"cc-by-sa";"";"Angélique Detcherry";"";"";"";"5284517.0";"Taxus baccata L.";"Taxus";"Taxaceae";"plantnet";"plantnet";"https://identify.plantnet.org/fr/k-southwestern-europe/observations/1018723687";"https://bs.plantnet.org/image/o/cbd872db51849accdc909ae6e547f8a8b61e7106";"train";"https://lab.plantnet.org/LifeCLEF/PlantCLEF2024/single_plant_training_data/PlantCLEF2024singleplanttrainingdata/train/1396710/cbd872db51849accdc909ae6e547f8a8b61e7106.jpg"
"fb7463d2b6e2254c199bbdb9d543ff523f2aa81b.jpg";"bark";"1396710";"1010759352";"cc-by-sa";"";"Orviz del Felgueron Nicolás";"289.3";"43.3595433333";"-5.856225";"5284517.0";"Taxus baccata L.";"Taxus";"Taxaceae";"plantnet";"plantnet";"https://identify.plantnet.org/fr/k-southwestern-europe/observations/1010759352";"https://bs.plantnet.org/image/o/fb7463d2b6e2254c199bbdb9d543ff523f2aa81b";"train";"https://lab.plantnet.org/LifeCLEF/PlantCLEF2024/single_plant_training_data/PlantCLEF2024singleplanttrainingdata/train/1396710/fb7463d2b6e2254c199bbdb9d543ff523f2aa81b.jpg"
"cf8610f49fdb0576dc875e0d41eed754e6f2d3f1.jpg";"flower";"1396710";"1005158449";"cc-by-sa";"";"jorgito el musico";"71.707";"53.6593656361593";"10.027467904008937";"5284517.0";"Taxus baccata L.";"Taxus";"Taxaceae";"plantnet";"plantnet";"https://identify.plantnet.org/fr/k-southwestern-europe/observations/1005158449";"https://bs.plantnet.org/image/o/cf8610f49fdb0576dc875e0d41eed754e6f2d3f1";"train";"https://lab.plantnet.org/LifeCLEF/PlantCLEF2024/single_plant_training_data/PlantCLEF2024singleplanttrainingdata/train/1396710/cf8610f49fdb0576dc875e0d41eed754e6f2d3f1.jpg"
"1c309b2aba2bca11d2737c7f1d8e9da9d509f677.jpg";"bark";"1396710";"1015364302";"cc-by-sa";"";"Umide Sacoor Ahnemann";"65.0";"53.4537333";"9.9802233";"5284517.0";"Taxus baccata L.";"Taxus";"Taxaceae";"plantnet";"plantnet";"https://identify.plantnet.org/fr/k-southwestern-europe/observations/1015364302";"https://bs.plantnet.org/image/o/1c309b2aba2bca11d2737c7f1d8e9da9d509f677";"train";"https://lab.plantnet.org/LifeCLEF/PlantCLEF2024/single_plant_training_data/PlantCLEF2024singleplanttrainingdata/train/1396710/1c309b2aba2bca11d2737c7f1d8e9da9d509f677.jpg"
"cf1f2f8ab9eb4e2d268c498cb3f1474388f4b757.jpg";"bark";"1396710";"1015835544";"cc-by-sa";"";"Colombo Foresti";"271.0";"45.7021921";"9.7327853";"5284517.0";"Taxus baccata L.";"Taxus";"Taxaceae";"plantnet";"plantnet";"https://identify.plantnet.org/fr/k-southwestern-europe/observations/1015835544";"https://bs.plantnet.org/image/o/cf1f2f8ab9eb4e2d268c498cb3f1474388f4b757";"train";"https://lab.plantnet.org/LifeCLEF/PlantCLEF2024/single_plant_training_data/PlantCLEF2024singleplanttrainingdata/train/1396710/cf1f2f8ab9eb4e2d268c498cb3f1474388f4b757.jpg"
"00e3638e3b583862d0c218eb04a25d4f04725c62.jpg";"flower";"1396710";"1007339592";"cc-by-sa";"";"марианна марианна";"104.4881";"44.7811351335";"44.1708193527";"5284517.0";"Taxus baccata L.";"Taxus";"Taxaceae";"plantnet";"plantnet";"https://identify.plantnet.org/fr/k-southwestern-europe/observations/1007339592";"https://bs.plantnet.org/image/o/00e3638e3b583862d0c218eb04a25d4f04725c62";"train";"https://lab.plantnet.org/LifeCLEF/PlantCLEF2024/single_plant_training_data/PlantCLEF2024singleplanttrainingdata/train/1396710/00e3638e3b583862d0c218eb04a25d4f04725c62.jpg"
"37bc0a603ce0920d6a70065a60f2142b6a2c305a.jpg";"bark";"1396710";"1011620542";"cc-by-sa";"";"Stephan Wolf";"93.0";"52.384953877777775";"12.991850383333333";"5284517.0";"Taxus baccata L.";"Taxus";"Taxaceae";"plantnet";"plantnet";"https://identify.plantnet.org/fr/k-southwestern-europe/observations/1011620542";"https://bs.plantnet.org/image/o/37bc0a603ce0920d6a70065a60f2142b6a2c305a";"train";"https://lab.plantnet.org/LifeCLEF/PlantCLEF2024/single_plant_training_data/PlantCLEF2024singleplanttrainingdata/train/1396710/37bc0a603ce0920d6a70065a60f2142b6a2c305a.jpg"
"78ec5a7f699ceaf740b1fdc65bd20c40c5dd63af.jpg";"bark";"1396710";"1005062947";"cc-by-sa";"";"Xavier Norloff";"175.9148";"48.79083992917909";"2.1323653031160426";"5284517.0";"Taxus baccata L.";"Taxus";"Taxaceae";"plantnet";"plantnet";"https://identify.plantnet.org/fr/k-southwestern-europe/observations/1005062947";"https://bs.plantnet.org/image/o/78ec5a7f699ceaf740b1fdc65bd20c40c5dd63af";"train";"https://lab.plantnet.org/LifeCLEF/PlantCLEF2024/single_plant_training_data/PlantCLEF2024singleplanttrainingdata/train/1396710/78ec5a7f699ceaf740b1fdc65bd20c40c5dd63af.jpg"
"9b4580dfe76bc7f8f64bbb384a980d4022ebc9ed.jpg";"bark";"1396710";"1012562172";"cc-by-sa";"";"Mesics Attila";"286.0";"46.9540675543";"16.2751263846";"5284517.0";"Taxus baccata L.";"Taxus";"Taxaceae";"plantnet";"plantnet";"https://identify.plantnet.org/fr/k-southwestern-europe/observations/1012562172";"https://bs.plantnet.org/image/o/9b4580dfe76bc7f8f64bbb384a980d4022ebc9ed";"train";"https://lab.plantnet.org/LifeCLEF/PlantCLEF2024/single_plant_training_data/PlantCLEF2024singleplanttrainingdata/train/1396710/9b4580dfe76bc7f8f64bbb384a980d4022ebc9ed.jpg"
"7a6fa73ccfb88d10ccc6b16c86dca228141cc32c.jpg";"flower";"1396710";"1006386402";"cc-by-sa";"";"dave booth";"67.8052";"53.3579466575";"-2.1823544482";"5284517.0";"Taxus baccata L.";"Taxus";"Taxaceae";"plantnet";"plantnet";"https://identify.plantnet.org/fr/k-southwestern-europe/observations/1006386402";"https://bs.plantnet.org/image/o/7a6fa73ccfb88d10ccc6b16c86dca228141cc32c";"train";"https://lab.plantnet.org/LifeCLEF/PlantCLEF2024/single_plant_training_data/PlantCLEF2024singleplanttrainingdata/train/1396710/7a6fa73ccfb88d10ccc6b16c86dca228141cc32c.jpg"
"ddce59db51214b95e7c49b085ea4e64ef0345c37.jpg";"bark";"1396710";"1012221632";"cc-by-sa";"";"Annemarie Ahrens-Stehle";"";"";"";"5284517.0";"Taxus baccata L.";"Taxus";"Taxaceae";"plantnet";"plantnet";"https://identify.plantnet.org/fr/k-southwestern-europe/observations/1012221632";"https://bs.plantnet.org/image/o/ddce59db51214b95e7c49b085ea4e64ef0345c37";"train";"https://lab.plantnet.org/LifeCLEF/PlantCLEF2024/single_plant_training_data/PlantCLEF2024singleplanttrainingdata/train/1396710/ddce59db51214b95e7c49b085ea4e64ef0345c37.jpg"
"3fdf18497643baefdbc7999b79469ae4979f41eb.jpg";"flower";"1396710";"1019895579";"cc-by-sa";"";"Philippe RABUSSEAU";"154.1172";"47.1553070868";"1.2012191836";"5284517.0";"Taxus baccata L.";"Taxus";"Taxaceae";"plantnet";"plantnet";"https://identify.plantnet.org/fr/k-southwestern-europe/observations/1019895579";"https://bs.plantnet.org/image/o/3fdf18497643baefdbc7999b79469ae4979f41eb";"train";"https://lab.plantnet.org/LifeCLEF/PlantCLEF2024/single_plant_training_data/PlantCLEF2024singleplanttrainingdata/train/1396710/3fdf18497643baefdbc7999b79469ae4979f41eb.jpg"
"05bb97e8f348e7090bd8373f6804184b3242123c.jpg";"bark";"1396710";"1013747511";"cc-by-sa";"";"Rhodri Walters";"161.7197";"51.8127215478";"-3.9143381371";"5284517.0";"Taxus baccata L.";"Taxus";"Taxaceae";"plantnet";"plantnet";"https://identify.plantnet.org/fr/k-southwestern-europe/observations/1013747511";"https://bs.plantnet.org/image/o/05bb97e8f348e7090bd8373f6804184b3242123c";"train";"https://lab.plantnet.org/LifeCLEF/PlantCLEF2024/single_plant_training_data/PlantCLEF2024singleplanttrainingdata/train/1396710/05bb97e8f348e7090bd8373f6804184b3242123c.jpg"
"755cd49b1d1f11d018368b7d30e841a0f988a53c.jpg";"bark";"1396710";"1001360277";"cc-by-sa";"";"Tara Conler";"";"";"";"5284517.0";"Taxus baccata L.";"Taxus";"Taxaceae";"plantnet";"plantnet";"https://identify.plantnet.org/fr/k-southwestern-europe/observations/1001360277";"https://bs.plantnet.org/image/o/755cd49b1d1f11d018368b7d30e841a0f988a53c";"train";"https://lab.plantnet.org/LifeCLEF/PlantCLEF2024/single_plant_training_data/PlantCLEF2024singleplanttrainingdata/train/1396710/755cd49b1d1f11d018368b7d30e841a0f988a53c.jpg"
"9aea719cb5825b1b18305b4759f5296ccd8b48e5.jpg";"bark";"1396710";"1009265656";"cc-by-sa";"";"zx123";"62.0";"51.49281042";"-3.19654813";"5284517.0";"Taxus baccata L.";"Taxus";"Taxaceae";"plantnet";"plantnet";"https://identify.plantnet.org/fr/k-southwestern-europe/observations/1009265656";"https://bs.plantnet.org/image/o/9aea719cb5825b1b18305b4759f5296ccd8b48e5";"train";"https://lab.plantnet.org/LifeCLEF/PlantCLEF2024/single_plant_training_data/PlantCLEF2024singleplanttrainingdata/train/1396710/9aea719cb5825b1b18305b4759f5296ccd8b48e5.jpg"
"598334cf6dbf9ec36a2bb07b571608bb3c1bf2aa.jpg";"habit";"1396710";"1001420199";"cc-by-sa";"";"Pep Secem";"";"";"";"5284517.0";"Taxus baccata L.";"Taxus";"Taxaceae";"plantnet";"plantnet";"https://identify.plantnet.org/fr/k-southwestern-europe/observations/1001420199";"https://bs.plantnet.org/image/o/598334cf6dbf9ec36a2bb07b571608bb3c1bf2aa";"train";"https://lab.plantnet.org/LifeCLEF/PlantCLEF2024/single_plant_training_data/PlantCLEF2024singleplanttrainingdata/train/1396710/598334cf6dbf9ec36a2bb07b571608bb3c1bf2aa.jpg"
"87c40f7a451d9bbf0ad9cd9b6b9fa20de4e7c6b4.jpg";"bark";"1396710";"1015228199";"cc-by-sa";"";"Pl@ntNet";"";"";"";"5284517.0";"Taxus baccata L.";"Taxus";"Taxaceae";"plantnet";"plantnet";"https://identify.plantnet.org/fr/k-southwestern-europe/observations/1015228199";"https://bs.plantnet.org/image/o/87c40f7a451d9bbf0ad9cd9b6b9fa20de4e7c6b4";"train";"https://lab.plantnet.org/LifeCLEF/PlantCLEF2024/single_plant_training_data/PlantCLEF2024singleplanttrainingdata/train/1396710/87c40f7a451d9bbf0ad9cd9b6b9fa20de4e7c6b4.jpg"
"4397d1217b8518defa0b91361a7d7b6e845e8ae0.jpg";"flower";"1396710";"1007565522";"cc-by-sa";"";"Mauricette Mackin";"";"";"";"5284517.0";"Taxus baccata L.";"Taxus";"Taxaceae";"plantnet";"plantnet";"https://identify.plantnet.org/fr/k-southwestern-europe/observations/1007565522";"https://bs.plantnet.org/image/o/4397d1217b8518defa0b91361a7d7b6e845e8ae0";"train";"https://lab.plantnet.org/LifeCLEF/PlantCLEF2024/single_plant_training_data/PlantCLEF2024singleplanttrainingdata/train/1396710/4397d1217b8518defa0b91361a7d7b6e845e8ae0.jpg"
"31292199f9bb4ab4474be752358a3bce120dd54e.jpg";"flower";"1396710";"1015751740";"cc-by-sa";"";"POCH COMAS ANTONI";"349.3342";"41.56407844";"2.01893421";"5284517.0";"Taxus baccata L.";"Taxus";"Taxaceae";"plantnet";"plantnet";"https://identify.plantnet.org/fr/k-southwestern-europe/observations/1015751740";"https://bs.plantnet.org/image/o/31292199f9bb4ab4474be752358a3bce120dd54e";"train";"https://lab.plantnet.org/LifeCLEF/PlantCLEF2024/single_plant_training_data/PlantCLEF2024singleplanttrainingdata/train/1396710/31292199f9bb4ab4474be752358a3bce120dd54e.jpg"
"36903501280fb373cbd92f04c1d4222bf624dfa1.jpg";"flower";"1396710";"1003593083";"cc-by-sa";"";"Sabina Hartmann";"105.7235";"52.50047234389896";"8.906930943201443";"5284517.0";"Taxus baccata L.";"Taxus";"Taxaceae";"plantnet";"plantnet";"https://identify.plantnet.org/fr/k-southwestern-europe/observations/1003593083";"https://bs.plantnet.org/image/o/36903501280fb373cbd92f04c1d4222bf624dfa1";"train";"https://lab.plantnet.org/LifeCLEF/PlantCLEF2024/single_plant_training_data/PlantCLEF2024singleplanttrainingdata/train/1396710/36903501280fb373cbd92f04c1d4222bf624dfa1.jpg"
"b7a10f7e82b12796459d7c3c94ab4945611363a6.jpg";"bark";"1396710";"1007969380";"cc-by-sa";"";"Isabelle Casse";"10.0884";"43.7017926512";"7.2733269747";"5284517.0";"Taxus baccata L.";"Taxus";"Taxaceae";"plantnet";"plantnet";"https://identify.plantnet.org/fr/k-southwestern-europe/observations/1007969380";"https://bs.plantnet.org/image/o/b7a10f7e82b12796459d7c3c94ab4945611363a6";"train";"https://lab.plantnet.org/LifeCLEF/PlantCLEF2024/single_plant_training_data/PlantCLEF2024singleplanttrainingdata/train/1396710/b7a10f7e82b12796459d7c3c94ab4945611363a6.jpg"
"a5be4e4c0b054252e692f1f9b2a0a47cc6665cd8.jpg";"bark";"1396710";"1015720254";"cc-by-sa";"";"Markisha Bunn";"3.2";"40.0613853";"-75.0941475";"5284517.0";"Taxus baccata L.";"Taxus";"Taxaceae";"plantnet";"plantnet";"https://identify.plantnet.org/fr/k-southwestern-europe/observations/1015720254";"https://bs.plantnet.org/image/o/a5be4e4c0b054252e692f1f9b2a0a47cc6665cd8";"train";"https://lab.plantnet.org/LifeCLEF/PlantCLEF2024/single_plant_training_data/PlantCLEF2024singleplanttrainingdata/train/1396710/a5be4e4c0b054252e692f1f9b2a0a47cc6665cd8.jpg"
"b4d80e38ce469f7e00bcd3d4e3c85005d502fa82.jpg";"habit";"1396710";"1003714378";"cc-by-sa";"";"Antonio José Puente-Badía";"81.3";"43.46742833333333";"-3.800548333333333";"5284517.0";"Taxus baccata L.";"Taxus";"Taxaceae";"plantnet";"plantnet";"https://identify.plantnet.org/fr/k-southwestern-europe/observations/1003714378";"https://bs.plantnet.org/image/o/b4d80e38ce469f7e00bcd3d4e3c85005d502fa82";"train";"https://lab.plantnet.org/LifeCLEF/PlantCLEF2024/single_plant_training_data/PlantCLEF2024singleplanttrainingdata/train/1396710/b4d80e38ce469f7e00bcd3d4e3c85005d502fa82.jpg"
"97b4f455d6f11c5aea3b43bcc908c300ce28051e.jpg";"bark";"1396710";"1012815245";"cc-by-sa";"";"Michael L.";"16.9257";"53.5592516548";"10.0576622364";"5284517.0";"Taxus baccata L.";"Taxus";"Taxaceae";"plantnet";"plantnet";"https://identify.plantnet.org/fr/k-southwestern-europe/observations/1012815245";"https://bs.plantnet.org/image/o/97b4f455d6f11c5aea3b43bcc908c300ce28051e";"train";"https://lab.plantnet.org/LifeCLEF/PlantCLEF2024/single_plant_training_data/PlantCLEF2024singleplanttrainingdata/train/1396710/97b4f455d6f11c5aea3b43bcc908c300ce28051e.jpg"
"00305f54a531efc4925d782c155543ab15ced343.jpg";"flower";"1396710";"1017052750";"cc-by-sa";"";"Eva Ku";"283.0";"50.8193316667";"14.9673283333";"5284517.0";"Taxus baccata L.";"Taxus";"Taxaceae";"plantnet";"plantnet";"https://identify.plantnet.org/fr/k-southwestern-europe/observations/1017052750";"https://bs.plantnet.org/image/o/00305f54a531efc4925d782c155543ab15ced343";"train";"https://lab.plantnet.org/LifeCLEF/PlantCLEF2024/single_plant_training_data/PlantCLEF2024singleplanttrainingdata/train/1396710/00305f54a531efc4925d782c155543ab15ced343.jpg"
"65c782fda123cd09cc556fe31be1c04da004d445.jpg";"bark";"1396710";"1011113832";"cc-by-sa";"";"Karl Heinz Rose";"234.6725";"51.17375873";"14.65157157";"5284517.0";"Taxus baccata L.";"Taxus";"Taxaceae";"plantnet";"plantnet";"https://identify.plantnet.org/fr/k-southwestern-europe/observations/1011113832";"https://bs.plantnet.org/image/o/65c782fda123cd09cc556fe31be1c04da004d445";"train";"https://lab.plantnet.org/LifeCLEF/PlantCLEF2024/single_plant_training_data/PlantCLEF2024singleplanttrainingdata/train/1396710/65c782fda123cd09cc556fe31be1c04da004d445.jpg"
"7775a6cb0809bcc6b198e6e823db28a66c591a58.jpg";"bark";"1396710";"1020626658";"cc-by-sa";"";"Olivier P.";"260.4759";"38.7950507023";"-9.3973346288";"5284517.0";"Taxus baccata L.";"Taxus";"Taxaceae";"plantnet";"plantnet";"https://identify.plantnet.org/fr/k-southwestern-europe/observations/1020626658";"https://bs.plantnet.org/image/o/7775a6cb0809bcc6b198e6e823db28a66c591a58";"train";"https://lab.plantnet.org/LifeCLEF/PlantCLEF2024/single_plant_training_data/PlantCLEF2024singleplanttrainingdata/train/1396710/7775a6cb0809bcc6b198e6e823db28a66c591a58.jpg"
"0908bdc9c5098f06f99014eea4109d1b5ed582ab.jpg";"flower";"1396710";"1003300880";"cc-by-sa";"";"Lupulus Humulus";"524.0";"48.13853883333334";"11.45333333333333";"5284517.0";"Taxus baccata L.";"Taxus";"Taxaceae";"plantnet";"plantnet";"https://identify.plantnet.org/fr/k-southwestern-europe/observations/1003300880";"https://bs.plantnet.org/image/o/0908bdc9c5098f06f99014eea4109d1b5ed582ab";"train";"https://lab.plantnet.org/LifeCLEF/PlantCLEF2024/single_plant_training_data/PlantCLEF2024singleplanttrainingdata/train/1396710/0908bdc9c5098f06f99014eea4109d1b5ed582ab.jpg"
"5f99ec894d1ad29590976c30fe0b38619d2c7337.jpg";"flower";"1396710";"1016469820";"cc-by-sa";"";"Gilles Mutin";"";"";"";"5284517.0";"Taxus baccata L.";"Taxus";"Taxaceae";"plantnet";"plantnet";"https://identify.plantnet.org/fr/k-southwestern-europe/observations/1016469820";"https://bs.plantnet.org/image/o/5f99ec894d1ad29590976c30fe0b38619d2c7337";"train";"https://lab.plantnet.org/LifeCLEF/PlantCLEF2024/single_plant_training_data/PlantCLEF2024singleplanttrainingdata/train/1396710/5f99ec894d1ad29590976c30fe0b38619d2c7337.jpg"
"8000dc4b6ffc4743fd3fee65496193317502a5a8.jpg";"flower";"1396710";"1010407288";"cc-by-sa";"";"Uwe Herrmann";"64.0";"52.52628419444444";"13.254235005555556";"5284517.0";"Taxus baccata L.";"Taxus";"Taxaceae";"plantnet";"plantnet";"https://identify.plantnet.org/fr/k-southwestern-europe/observations/1010407288";"https://bs.plantnet.org/image/o/8000dc4b6ffc4743fd3fee65496193317502a5a8";"train";"https://lab.plantnet.org/LifeCLEF/PlantCLEF2024/single_plant_training_data/PlantCLEF2024singleplanttrainingdata/train/1396710/8000dc4b6ffc4743fd3fee65496193317502a5a8.jpg"
"7fdc7cd453b03e0ffa0fcb9880bccd791df126ad.jpg";"bark";"1396710";"1004640586";"cc-by-sa";"";"Olga Doesjenka";"218.8634";"46.42216244503751";"1.3456291332220442";"5284517.0";"Taxus baccata L.";"Taxus";"Taxaceae";"plantnet";"plantnet";"https://identify.plantnet.org/fr/k-southwestern-europe/observations/1004640586";"https://bs.plantnet.org/image/o/7fdc7cd453b03e0ffa0fcb9880bccd791df126ad";"train";"https://lab.plantnet.org/LifeCLEF/PlantCLEF2024/single_plant_training_data/PlantCLEF2024singleplanttrainingdata/train/1396710/7fdc7cd453b03e0ffa0fcb9880bccd791df126ad.jpg"
"96c8a84e0637d14be979419a7539f182a75a3b9e.jpg";"flower";"1396710";"1016005674";"cc-by-sa";"";"3 amis-ricains !";"";"";"";"5284517.0";"Taxus baccata L.";"Taxus";"Taxaceae";"plantnet";"plantnet";"https://identify.plantnet.org/fr/k-southwestern-europe/observations/1016005674";"https://bs.plantnet.org/image/o/96c8a84e0637d14be979419a7539f182a75a3b9e";"train";"https://lab.plantnet.org/LifeCLEF/PlantCLEF2024/single_plant_training_data/PlantCLEF2024singleplanttrainingdata/train/1396710/96c8a84e0637d14be979419a7539f182a75a3b9e.jpg"
"fbc6c9022da1b1b329d20e2b8c64d4bf8a3fd068.jpg";"flower";"1396710";"1019797539";"cc-by-sa";"";"natalia39";"-0.8289";"51.9297243899";"4.51310823";"5284517.0";"Taxus baccata L.";"Taxus";"Taxaceae";"plantnet";"plantnet";"https://identify.plantnet.org/fr/k-southwestern-europe/observations/1019797539";"https://bs.plantnet.org/image/o/fbc6c9022da1b1b329d20e2b8c64d4bf8a3fd068";"train";"https://lab.plantnet.org/LifeCLEF/PlantCLEF2024/single_plant_training_data/PlantCLEF2024singleplanttrainingdata/train/1396710/fbc6c9022da1b1b329d20e2b8c64d4bf8a3fd068.jpg"
"b090a488da1a6757f44209c7370340e54a2e2307.jpg";"bark";"1396710";"1004796286";"cc-by-sa";"";"Pirimidino Pirimidino Pirimidino";"906.1543";"42.867398588337664";"-3.597604823253367";"5284517.0";"Taxus baccata L.";"Taxus";"Taxaceae";"plantnet";"plantnet";"https://identify.plantnet.org/fr/k-southwestern-europe/observations/1004796286";"https://bs.plantnet.org/image/o/b090a488da1a6757f44209c7370340e54a2e2307";"train";"https://lab.plantnet.org/LifeCLEF/PlantCLEF2024/single_plant_training_data/PlantCLEF2024singleplanttrainingdata/train/1396710/b090a488da1a6757f44209c7370340e54a2e2307.jpg"
"1b04788a784b7a0ff6c24e734ff85e9bd97e0fdf.jpg";"bark";"1396710";"1020734206";"cc-by-sa";"";"Rebecca Vleeming";"11.0319";"51.8743275293";"5.7479171734";"5284517.0";"Taxus baccata L.";"Taxus";"Taxaceae";"plantnet";"plantnet";"https://identify.plantnet.org/fr/k-southwestern-europe/observations/1020734206";"https://bs.plantnet.org/image/o/1b04788a784b7a0ff6c24e734ff85e9bd97e0fdf";"train";"https://lab.plantnet.org/LifeCLEF/PlantCLEF2024/single_plant_training_data/PlantCLEF2024singleplanttrainingdata/train/1396710/1b04788a784b7a0ff6c24e734ff85e9bd97e0fdf.jpg"
"24e4f981c988853b3e8b91e5968f538a9dd3e5a2.jpg";"flower";"1396710";"1009752889";"cc-by-sa";"";"Anita Skumac";"619.0578";"46.7127619511";"14.1084553225";"5284517.0";"Taxus baccata L.";"Taxus";"Taxaceae";"plantnet";"plantnet";"https://identify.plantnet.org/fr/k-southwestern-europe/observations/1009752889";"https://bs.plantnet.org/image/o/24e4f981c988853b3e8b91e5968f538a9dd3e5a2";"train";"https://lab.plantnet.org/LifeCLEF/PlantCLEF2024/single_plant_training_data/PlantCLEF2024singleplanttrainingdata/train/1396710/24e4f981c988853b3e8b91e5968f538a9dd3e5a2.jpg"
"5a51f46fbd5856f74d7ae20cb42ce848bbc7eb64.jpg";"bark";"1396710";"1005860636";"cc-by-sa";"";"oldo851";"178.041";"48.0531390469";"17.1501927477";"5284517.0";"Taxus baccata L.";"Taxus";"Taxaceae";"plantnet";"plantnet";"https://identify.plantnet.org/fr/k-southwestern-europe/observations/1005860636";"https://bs.plantnet.org/image/o/5a51f46fbd5856f74d7ae20cb42ce848bbc7eb64";"train";"https://lab.plantnet.org/LifeCLEF/PlantCLEF2024/single_plant_training_data/PlantCLEF2024singleplanttrainingdata/train/1396710/5a51f46fbd5856f74d7ae20cb42ce848bbc7eb64.jpg"
"9cfb2caa71bb1a80003c4dc68201d00e9787aad8.jpg";"flower";"1396710";"1005709354";"cc-by-sa";"";"anna";"6.0";"45.463363647222224";"12.144824981666666";"5284517.0";"Taxus baccata L.";"Taxus";"Taxaceae";"plantnet";"plantnet";"https://identify.plantnet.org/fr/k-southwestern-europe/observations/1005709354";"https://bs.plantnet.org/image/o/9cfb2caa71bb1a80003c4dc68201d00e9787aad8";"train";"https://lab.plantnet.org/LifeCLEF/PlantCLEF2024/single_plant_training_data/PlantCLEF2024singleplanttrainingdata/train/1396710/9cfb2caa71bb1a80003c4dc68201d00e9787aad8.jpg"
"f834cb53e2f40b6eea7c243b9a14f0f5fe79134a.jpg";"bark";"1396710";"1001288755";"cc-by-sa";"tela";"Tela Botanica − Bertrand BUI";"";"";"";"5284517.0";"Taxus baccata L.";"Taxus";"Taxaceae";"plantnet";"plantnet";"https://identify.plantnet.org/fr/k-southwestern-europe/observations/1001288755";"https://bs.plantnet.org/image/o/f834cb53e2f40b6eea7c243b9a14f0f5fe79134a";"train";"https://lab.plantnet.org/LifeCLEF/PlantCLEF2024/single_plant_training_data/PlantCLEF2024singleplanttrainingdata/train/1396710/f834cb53e2f40b6eea7c243b9a14f0f5fe79134a.jpg"
"779bee7a27193092ee1ad38f63a6cb5f11997513.jpg";"bark";"1396710";"1009701569";"cc-by-sa";"";"Adolfo Requejo";"";"";"";"5284517.0";"Taxus baccata L.";"Taxus";"Taxaceae";"plantnet";"plantnet";"https://identify.plantnet.org/fr/k-southwestern-europe/observations/1009701569";"https://bs.plantnet.org/image/o/779bee7a27193092ee1ad38f63a6cb5f11997513";"train";"https://lab.plantnet.org/LifeCLEF/PlantCLEF2024/single_plant_training_data/PlantCLEF2024singleplanttrainingdata/train/1396710/779bee7a27193092ee1ad38f63a6cb5f11997513.jpg"
"a8f780b4179cc7c23da005701b13d4db90ada82f.jpg";"flower";"1396710";"1009699597";"cc-by-sa";"";"R P";"";"";"";"5284517.0";"Taxus baccata L.";"Taxus";"Taxaceae";"plantnet";"plantnet";"https://identify.plantnet.org/fr/k-southwestern-europe/observations/1009699597";"https://bs.plantnet.org/image/o/a8f780b4179cc7c23da005701b13d4db90ada82f";"train";"https://lab.plantnet.org/LifeCLEF/PlantCLEF2024/single_plant_training_data/PlantCLEF2024singleplanttrainingdata/train/1396710/a8f780b4179cc7c23da005701b13d4db90ada82f.jpg"
"32429408b309fb799d113e8a4fd3254b46ecb0ff.jpg";"habit";"1396710";"1005336719";"cc-by-sa";"";"Rosales Mabry";"37.333";"-39.80623980555556";"-73.26941086111111";"5284517.0";"Taxus baccata L.";"Taxus";"Taxaceae";"plantnet";"plantnet";"https://identify.plantnet.org/fr/k-southwestern-europe/observations/1005336719";"https://bs.plantnet.org/image/o/32429408b309fb799d113e8a4fd3254b46ecb0ff";"train";"https://lab.plantnet.org/LifeCLEF/PlantCLEF2024/single_plant_training_data/PlantCLEF2024singleplanttrainingdata/train/1396710/32429408b309fb799d113e8a4fd3254b46ecb0ff.jpg"
"9a2bc30cdd7448ffa116a01c723f39b24d9fbdc7.jpg";"bark";"1396710";"1004328898";"cc-by-sa";"";"Reynold Chollet";"626.0";"46.84967777777778";"9.531936111111111";"5284517.0";"Taxus baccata L.";"Taxus";"Taxaceae";"plantnet";"plantnet";"https://identify.plantnet.org/fr/k-southwestern-europe/observations/1004328898";"https://bs.plantnet.org/image/o/9a2bc30cdd7448ffa116a01c723f39b24d9fbdc7";"train";"https://lab.plantnet.org/LifeCLEF/PlantCLEF2024/single_plant_training_data/PlantCLEF2024singleplanttrainingdata/train/1396710/9a2bc30cdd7448ffa116a01c723f39b24d9fbdc7.jpg"
"fdd0fff7bf55d0f8b359f8f5f18abd51e53af4fe.jpg";"flower";"1396710";"1005318046";"cc-by-sa";"";"Alberto";"706.0";"41.64637379972222";"-4.729384999722222";"5284517.0";"Taxus baccata L.";"Taxus";"Taxaceae";"plantnet";"plantnet";"https://identify.plantnet.org/fr/k-southwestern-europe/observations/1005318046";"https://bs.plantnet.org/image/o/fdd0fff7bf55d0f8b359f8f5f18abd51e53af4fe";"train";"https://lab.plantnet.org/LifeCLEF/PlantCLEF2024/single_plant_training_data/PlantCLEF2024singleplanttrainingdata/train/1396710/fdd0fff7bf55d0f8b359f8f5f18abd51e53af4fe.jpg"
"28741274e4cdc2fbb6673943dc29ca9d5b1a071b.jpg";"bark";"1396710";"1003785121";"cc-by-sa";"";"violi pierluigi";"136.0";"44.72870008333334";"10.397277444444445";"5284517.0";"Taxus baccata L.";"Taxus";"Taxaceae";"plantnet";"plantnet";"https://identify.plantnet.org/fr/k-southwestern-europe/observations/1003785121";"https://bs.plantnet.org/image/o/28741274e4cdc2fbb6673943dc29ca9d5b1a071b";"train";"https://lab.plantnet.org/LifeCLEF/PlantCLEF2024/single_plant_training_data/PlantCLEF2024singleplanttrainingdata/train/1396710/28741274e4cdc2fbb6673943dc29ca9d5b1a071b.jpg"
"9be6b1d2e61162ac69a8a178f49399a1048f4566.jpg";"habit";"1396710";"1004358834";"cc-by-sa";"";"Vincent Cartier";"307.4829";"46.433558211423886";"4.661053465655169";"5284517.0";"Taxus baccata L.";"Taxus";"Taxaceae";"plantnet";"plantnet";"https://identify.plantnet.org/fr/k-southwestern-europe/observations/1004358834";"https://bs.plantnet.org/image/o/9be6b1d2e61162ac69a8a178f49399a1048f4566";"train";"https://lab.plantnet.or